time[sec],velocity[sec],angle[rad],x[m],y[m],,
0,0,0,0,0,5600.0001668741,
0.03,0.08334,0,0,0,5600.0001668741,
0.06,0.16668,0,0,0.025026,5600.0001668741,
0.09,0.25002,0,0,0.050053,5600.0001668741,
0.12,0.33336,0,0,0.075079,5600.0001668741,
0.15,0.4167,0,0,0.100105,5600.0001668741,
0.18,0.50004,0,0,0.125132,5600.0001668741,
0.21,0.58338,0,0,0.150158,5600.0001668741,
0.24,0.66672,0,0,0.175184,5600.0001668741,
0.27,0.75006,0,0,0.200211,5600.0001668741,
0.3,0.8334,0,0,0.225237,5600.0001668741,
0.33,0.91674,0,0,0.250263,5600.0001668741,
0.36,1.00008,0,0,0.27529,5600.0001668741,
0.39,1.08342,0,0,0.300316,5600.0001668741,
0.42,1.16676,0,0,0.325342,5600.0001668741,
0.45,1.2501,0,0,0.350367,5600.0001668741,
0.48,1.33344,0,0,0.375393,5600.0001668741,
0.51,1.41678,0,0,0.400417,5600.0001668741,
0.54,1.50012,0,0,0.425444,5600.0001668741,
0.57,1.58346,0,0,0.450468,5600.0001668741,
0.6,1.6668,0,0,0.475494,5600.0001668741,
0.63,1.75014,0,0,0.535831,5600.0001668741,
0.66,1.83348,0,0,0.596169,5600.0001668741,
0.69,1.91682,0,0,0.656504,5600.0001668741,
0.72,2.00016,0,0,0.716841,5599.9329722477,
0.75,2.083499,0,0,0.777176,5600.0001668741,
0.78,2.166839,0,0,0.837513,5600.0001668741,
0.81,2.250179,0,0,0.897848,5600.0001668741,
0.84,2.333519,0,0,0.958185,5600.0001668741,
0.87,2.416859,0,0,1.036064,5600.0001668741,
0.9,2.500199,0,0,1.113943,5600.0001668741,
0.93,2.583539,0,0,1.191822,5600.0001668741,
0.96,2.666879,0,0,1.269703,5600.0001668741,
0.99,2.750219,0,0,1.347582,5600.0001668741,
1.02,2.833559,0,0,1.425463,5599.9329722477,
1.05,2.916898,0,0,1.517128,5600.0001668741,
1.08,3.000238,0,0,1.608793,5600.0001668741,
1.11,3.083578,0,0,1.700459,5600.0001668741,
1.14,3.166918,0,0,1.792124,5600.0001668741,
1.17,3.250258,0,0,1.883789,5600.0001668741,
1.2,3.333598,0,0,1.975454,5600.0001668741,
1.23,3.416938,0,0,2.08135,5600.0001668741,
1.26,3.500278,0,0,2.187246,5600.0001668741,
1.29,3.583618,0,0,2.293142,5600.0001668741,
1.32,3.666958,0,0,2.399038,5600.0001668741,
1.35,3.750298,0,0,2.514574,5600.0001668741,
1.38,3.833638,0,0,2.63011,5600.0001668741,
1.41,3.916978,0,0,2.745646,5600.0001668741,
1.44,4.000318,0,0,2.861183,5600.0001668741,
1.47,4.083658,0,0,2.976719,5600.0001668741,
1.5,4.166998,0,0,3.10412,5600.0001668741,
1.53,4.250338,0,0,3.231524,5600.0001668741,
1.56,4.333678,0,0,3.358925,5599.9329722477,
1.59,4.417017,0,0,3.493917,5600.0673615005,
1.62,4.500358,0,0,3.62891,5599.9329722476,
1.65,4.583697,0,0,3.763903,5600.0001668741,
1.68,4.667037,0,0,3.898895,5600.0001668741,
1.71,4.750377,0,0,4.043089,5600.0001668741,
1.74,4.833717,0,0,4.187283,5600.0001668741,
1.77,4.917057,0,0,4.331476,5600.0001668741,
1.8,5.000397,0,0,4.475668,5600.0001668741,
1.83,5.083737,0,0,4.629711,5600.0001668741,
1.86,5.167077,0,0,4.783752,5600.0001668741,
1.89,5.250417,0,0,4.937796,5599.9329722477,
1.92,5.333756,0,0,5.099207,5600.0001668741,
1.95,5.417096,0,0,5.260616,5600.0001668741,
1.98,5.500436,0,0,5.422026,5600.0001668741,
2.01,5.583776,0,0,5.59074,5600.0001668741,
2.04,5.667116,0,0,5.759455,5600.0001668741,
2.07,5.750456,0,0,5.928169,5600.0001668741,
2.1,5.833796,0,0,6.104195,5600.0001668741,
2.13,5.917136,0,0,6.28022,5600.0001668741,
2.16,6.000476,0,0,6.456244,5600.0001668741,
2.19,6.083816,0,0,6.639627,5600.0001668741,
2.22,6.167156,0,0,6.823011,5600.0001668741,
2.25,6.250496,0,0,7.011736,5600.0001668741,
2.28,6.333836,0,0,7.20046,5600.0001668741,
2.31,6.417176,0,0,7.389189,5599.9329722476,
2.34,6.500515,0,0,7.584776,5600.0673615005,
2.37,6.583856,0,0,7.780363,5599.9329722477,
2.4,6.667195,0,0,7.97595,5600.0001668741,
2.43,6.750535,0,0,8.179007,5600.0673615005,
2.46,6.833876,0,0,8.382063,5599.9329722476,
2.49,6.917215,0,0,8.590261,5600.0001668741,
2.52,7.000555,0,0,8.79846,5600.0001668741,
2.55,7.083895,0,0,9.011698,5600.0001668741,
2.58,7.167235,0,0,9.224936,5600.0001668741,
2.61,7.250575,0,0,9.438173,5599.9329722476,
2.64,7.333914,0,0,9.658373,5600.0001668741,
2.67,7.417254,0,0,9.878576,5600.0001668741,
2.7,7.500594,0,0,10.103945,5600.0001668741,
2.73,7.583934,0,0,10.329309,5600.0001668741,
2.76,7.667274,0,0,10.559668,5600.0001668741,
2.79,7.750614,0,0,10.790026,5599.9329722477,
2.82,7.833953,0,0,11.025324,5600.0673615005,
2.85,7.917294,0,0,11.260622,5599.9329722477,
2.88,8.000633,0,0,11.49592,5600.0001668741,
2.91,8.083973,0,0,11.738512,5600.0001668741,
2.94,8.167313,0,0,11.9811,5599.9329722477,
2.97,8.250652,0,0,12.228651,5600.0673615004,
3,8.333993,0,0,12.476202,5600.0001668741,
3.03,8.417333,0,0,12.728701,5600.0001668742,
3.06,8.500673,0,0,12.981199,5600.0001668741,
3.09,8.584013,0,0,13.238646,5600.0001668741,
3.12,8.667353,0,0,13.496092,5599.9329722477,
3.15,8.750692,0,0,13.758497,5600.0001668741,
3.18,8.834032,0,0,14.024103,5600.0673615004,
3.21,8.917373,0,0,14.289705,5599.9329722477,
3.24,9.000712,0,0,14.559649,5600.0001668741,
3.27,9.084052,0,0,14.829592,5600.0673615006,
3.3,9.167393,0,0,15.104296,5599.9329722476,
3.33,9.250732,0,0,15.379,5600.0673615006,
3.36,9.334073,0,0,15.658632,5600.0001668741,
3.39,9.417413,0,0,15.938265,5599.9329722477,
3.42,9.500752,0,0,16.222895,5600.0001668741,
3.45,9.584092,0,0,16.507524,5600.0001668741,
3.48,9.667432,0,0,16.797209,5600.0001668741,
3.51,9.750772,0,0,17.089899,5600.0001668741,
3.54,9.834112,0,0,17.382589,5600.0001668742,
3.57,9.917452,0,0,17.679667,5600.0001668741,
3.6,10.000792,0,0,17.97674,5599.9329722476,
3.63,10.084131,0,0,18.278776,5600.0001668742,
3.66,10.167471,0,0,18.583845,5600.0001668741,
3.69,10.250811,0,0,18.88891,5599.9329722476,
3.72,10.33415,0,0,19.198362,5600.0673615006,
3.75,10.417491,0,0,19.507818,5600.0001668741,
3.78,10.500831,0,0,19.822317,5600.0001668741,
3.81,10.584171,0,0,20.139715,5600.0001668741,
3.84,10.667511,0,0,20.457109,5600.0001668742,
3.87,10.750851,0,0,20.779005,5599.9329722476,
3.9,10.83419,0,0,21.103868,5600.0001668741,
3.93,10.91753,0,0,21.428732,5600.0673615006,
3.96,11.000871,0,0,21.758036,5599.9329722477,
3.99,11.08421,0,0,22.090338,5600.0001668741,
4.02,11.16755,0,0,22.422636,5600.0001668741,
4.05,11.25089,0,0,22.759375,5600.0001668741,
4.08,11.33423,0,0,23.0991,5600.0673615006,
4.11,11.417571,0,0,23.438826,5600.0673615004,
4.14,11.500912,0,0,23.78303,5600.0001668741,
4.17,11.584252,0,0,24.130171,5600.0673615006,
4.2,11.667593,0,0,24.477316,5600.0673615006,
4.23,11.750934,0,0,24.829031,5599.9329722476,
4.26,11.834273,0.000181,0.000044,25.183588,5600.0673615006,
4.29,11.917614,0.000927,0.000288,25.54088,5600.1345561269,
4.32,12.000956,0.002247,0.000532,25.898176,5600.0001668741,
4.35,12.084296,0.003346,0.001375,26.259722,5600.0673615004,
4.38,12.167637,0.005749,0.003071,26.624727,5600.0673615006,
4.41,12.250978,0.008595,0.004768,26.989733,5600.0001668741,
4.44,12.334318,0.01094,0.008068,27.359262,5600.0673615006,
4.47,12.417659,0.01422,0.011368,27.728796,5600.0001668741,
4.5,12.500999,0.016892,0.017086,28.103292,5600.0673615004,
4.53,12.58434,0.020691,0.024767,28.480787,5600.1345561269,
4.56,12.667682,0.024914,0.032448,28.858286,5600.0001668742,
4.59,12.751022,0.028327,0.043489,29.24008,5600.0673615004,
4.62,12.834363,0.032797,0.054529,29.621874,5600.0673615006,
4.65,12.917704,0.036356,0.070244,30.008554,5600.0001668741,
4.68,13.001044,0.041246,0.089247,30.39797,5600.0673615004,
4.71,13.084385,0.046561,0.108252,30.787394,5600.0001668742,
4.74,13.167725,0.050767,0.133036,31.18099,5600.0001668741,
4.77,13.251065,0.056228,0.16223,31.577234,5600.0673615004,
4.8,13.334406,0.062223,0.191423,31.973478,5332.9015268055,
4.83,13.413771,0.066911,0.228077,32.373581,-7582.9807875199,
4.86,13.30092,0.07328,0.269911,32.771629,-7582.9135928934,
4.89,13.18807,0.079996,0.311743,33.169678,-13057.730170724,
4.92,12.993743,0.086237,0.361221,33.557991,-13589.2396658041,
4.95,12.791506,0.093493,0.415825,33.938271,-13589.3068604305,
4.98,12.589268,0.100477,0.470427,34.318542,-13803.993691882,
5.01,12.383835,0.107432,0.532743,34.686363,-13829.1244821677,
5.04,12.178028,0.115046,0.600393,35.04538,-13829.191676794,
5.07,11.97222,0.122238,0.668043,35.404396,-13839.6068438911,
5.1,11.766257,0.129638,0.743256,35.75061,-13839.606843891,
5.13,11.560294,0.136758,0.818466,36.096832,-13842.4290182013,
5.16,11.354289,0.144438,0.902138,36.428177,-13619.4100530722,
5.19,11.151603,0.152488,0.990845,36.750206,-13619.4772476986,
5.22,10.948916,0.159798,1.079554,37.072243,-12199.251623424,
5.25,10.767365,0.16768,1.175367,37.381378,-12199.251623424,
5.28,10.585814,0.174775,1.271183,37.690521,-10583.8928039897,
5.31,10.428303,0.182576,1.374907,37.986282,-10583.9599986162,
5.34,10.270791,0.189567,1.478632,38.282043,-8865.7262061139,
5.37,10.13885,0.1972,1.590488,38.565254,-7872.5896274434,
5.4,10.021689,0.20474,1.707666,38.841064,-7872.522432817,
5.43,9.904529,0.211557,1.824844,39.116875,-6615.109388388,
5.46,9.806082,0.218637,1.949366,39.383163,-6615.1765830144,
5.49,9.707634,0.225024,2.073889,39.649452,-5293.1895025839,
5.52,9.62886,0.23167,2.206591,39.905952,-5293.1895025838,
5.55,9.550086,0.237663,2.339293,40.162445,-3935.7908540235,
5.58,9.491513,0.243797,2.480597,40.409554,-3935.7908540234,
5.61,9.43294,0.249332,2.621901,40.65667,-2731.3943698496,
5.64,9.392291,0.254849,2.772102,40.894928,-2731.3943698496,
5.67,9.351642,0.259813,2.922304,41.133186,-1396.5731157705,
5.7,9.330858,0.264589,3.081709,41.363129,-1396.505921144,
5.73,9.310075,0.268896,3.241116,41.593071,-250.7031512192,
5.76,9.306344,0.272831,3.410072,41.815163,-250.6359565927,
5.79,9.302614,0.276359,3.579029,42.037254,948.5193467194,
5.82,9.31673,0.279349,3.757893,42.251869,948.5193467194,
5.85,9.330846,0.28203,3.936758,42.466484,2129.9352686534,
5.88,9.362544,0.284,4.125948,42.673943,2130.0024632798,
5.91,9.394243,0.285768,4.31514,42.881401,3317.6674854721,
5.94,9.443617,0.286649,4.51512,43.081978,3317.6674854721,
5.97,9.492991,0.28745,4.715099,43.282555,3317.7346800985,
6,9.542366,0.287905,4.915079,43.483131,5595.9012946618,
6.03,9.625645,0.286941,5.131916,43.674011,5595.8341000353,
6.06,9.708923,0.286344,5.348753,43.864883,4686.1532473938,
6.09,9.778663,0.284541,5.577288,44.048981,4686.0860527674,
6.12,9.848402,0.279145,5.805824,44.233078,5505.188548978,
6.15,9.930331,0.273422,6.044426,44.410736,5567.5451623072,
6.18,10.013188,0.271035,6.290119,44.583809,5567.5451623073,
6.21,10.096045,0.268841,6.535812,44.756889,5591.8696170757,
6.24,10.179264,0.26579,6.791271,44.923317,5591.8696170757,
6.27,10.262483,0.262769,7.04673,45.089745,5598.7906635984,
6.3,10.345805,0.258938,7.312878,45.248436,5598.9250528511,
6.33,10.429129,0.255015,7.579025,45.407127,5600.0001668741,
6.36,10.512469,0.250422,7.855812,45.557587,5600.0001668741,
6.39,10.595809,0.245166,8.138699,45.703018,5600.0673615006,
6.42,10.67915,0.239732,8.421585,45.84845,5600.0001668741,
6.45,10.76249,0.234066,8.713009,45.986633,5600.0673615006,
6.48,10.845831,0.227724,9.004433,46.124817,5600.0673615004,
6.51,10.929172,0.22127,9.30489,46.255135,5600.0001668741,
6.54,11.012512,0.214324,9.605347,46.38546,5600.0001668742,
6.57,11.095852,0.207427,9.914577,46.507942,5600.0001668741,
6.6,11.179192,0.199859,10.229008,46.625671,5600.0001668741,
6.63,11.262532,0.192728,10.543438,46.743408,5600.0673615004,
6.66,11.345873,0.185894,10.86491,46.854591,5600.0673615006,
6.69,11.429214,0.179349,11.186382,46.965775,5599.9329722477,
6.72,11.512553,0.173025,11.515366,47.069832,5600.0673615004,
6.75,11.595894,0.166983,11.844349,47.173889,5600.0673615006,
6.78,11.679235,0.161127,12.180771,47.270714,5600.0673615004,
6.81,11.762576,0.155625,12.517197,47.367546,5600.0001668742,
6.84,11.845916,0.15029,12.86084,47.457184,5600.0001668741,
6.87,11.929256,0.145032,13.209007,47.542175,5600.0673615004,
6.9,12.012597,0.14037,13.557178,47.627167,5600.0001668741,
6.93,12.095937,0.135885,13.911289,47.705933,5600.0001668742,
6.96,12.179277,0.131884,14.2654,47.784691,5600.0673615004,
6.99,12.262618,0.12795,14.625881,47.85659,5600.0673615006,
7.02,12.345959,0.124492,14.986362,47.928497,5600.0001668741,
7.05,12.429299,0.121036,15.353245,47.993279,5600.0673615004,
7.08,12.51264,0.118059,15.720131,48.058067,5600.0673615006,
7.11,12.595981,0.115036,16.093307,48.115601,5600.0001668741,
7.14,12.679321,0.112486,16.466488,48.173126,5600.0001668741,
7.17,12.762661,0.109843,16.845806,48.223297,5600.0673615006,
7.2,12.846002,0.107695,17.225128,48.27346,5599.9329722477,
7.23,12.929341,0.105407,17.610432,48.316124,5600.0673615004,
7.26,13.012682,0.103399,17.999474,48.353874,5600.0673615006,
7.29,13.096023,0.101792,18.388515,48.391624,5600.0001668741,
7.32,13.179363,0.100028,18.782528,48.4226,5600.0673615004,
7.35,13.262704,0.098765,19.17654,48.453575,5600.0673615006,
7.38,13.346045,0.09727,19.575901,48.476921,5600.0001668741,
7.41,13.429385,0.096275,19.975262,48.500259,5600.0673615006,
7.44,13.512726,0.094998,20.379993,48.515518,5600.0001668741,
7.47,13.596066,0.094284,20.784729,48.530777,5600.0673615004,
7.5,13.679407,0.093246,21.194725,48.537605,5600.0673615006,
7.53,13.762748,0.092773,21.604721,48.544426,5600.0001668741,
7.56,13.846088,0.091933,22.019821,48.542503,5600.0673615006,
7.59,13.929429,0.09149,22.437977,48.53492,5600.1345561269,
7.62,14.012771,0.091406,22.856136,48.527336,5600.0001668741,
7.65,14.096111,0.090937,23.278431,48.511658,5600.0673615004,
7.68,14.179452,0.091029,23.700729,48.495979,5600.0673615006,
7.71,14.262793,0.090665,24.127438,48.470993,5600.0001668741,
7.74,14.346133,0.090971,24.55415,48.446014,5600.0673615006,
7.77,14.429474,0.090769,24.985218,48.411003,5600.0673615004,
7.8,14.512815,0.091087,25.418854,48.3694,5600.0001668741,
7.83,14.596155,0.091782,25.852489,48.327797,5600.0673615006,
7.86,14.679496,0.091936,26.289486,48.276817,5600.0001668741,
7.89,14.762836,0.092743,26.726486,48.225838,5600.0673615006,
7.92,14.846177,0.092943,27.167004,48.163918,5600.1345561269,
7.95,14.929519,0.094002,27.607525,48.101997,5599.9329722476,
7.98,15.012858,0.094379,28.051369,48.028091,1738.5937643113,
8.01,15.038732,0.095533,28.495541,47.947006,1738.5265696849,
8.04,15.064605,0.09698,28.939709,47.865921,-6542.6063864674,
8.07,14.967237,0.098445,29.377338,47.775398,-6542.6063864675,
8.1,14.869869,0.09978,29.81496,47.684875,-8609.9834579123,
8.13,14.741734,0.101545,30.242832,47.584274,-8907.4540691284,
8.16,14.609172,0.103327,30.66404,47.477737,-8907.4540691283,
8.19,14.47661,0.104775,31.085243,47.371201,-8999.2419288351,
8.22,14.342682,0.106701,31.496754,47.256378,-8999.1747342086,
8.25,14.208755,0.108226,31.90826,47.141556,-9121.1329811834,
8.28,14.073013,0.110318,32.30867,47.017807,-9120.9985919305,
8.31,13.937273,0.111956,32.70908,46.894058,-9140.1490604637,
8.34,13.801248,0.11419,33.097862,46.761497,-9084.4447151512,
8.37,13.666052,0.116414,33.479191,46.623589,-9084.3775205249,
8.4,13.530857,0.118284,33.860516,46.485687,-8935.205449845,
8.43,13.397882,0.120662,34.231457,46.340561,-8935.0710605921,
8.46,13.264909,0.122615,34.602398,46.195435,-8882.3232788427,
8.49,13.132721,0.125148,34.96175,46.042648,-8882.3232788427,
8.52,13.000533,0.127213,35.321098,45.889862,-8404.0319278971,
8.55,12.875463,0.129854,35.668716,45.729393,-8404.0991225235,
8.58,12.750392,0.132069,36.016335,45.568932,-8404.0991225235,
8.61,12.625321,0.134858,36.351944,45.401108,-8403.9647332706,
8.64,12.500252,0.137154,36.68755,45.233284,-7790.948156328,
8.67,12.384306,0.139998,37.011417,45.058243,-7790.8809617016,
8.7,12.268361,0.142433,37.335285,44.883202,-7505.1022154847,
8.73,12.156669,0.145384,37.647415,44.701187,-7505.1022154849,
8.76,12.044977,0.14788,37.959545,44.51918,-7173.7655125466,
8.79,11.938216,0.150884,38.259987,44.330421,-7173.6983179204,
8.82,11.831456,0.153443,38.560425,44.141663,-6499.2658524185,
8.85,11.734733,0.156457,38.849468,43.946205,-6499.333047045,
8.88,11.638009,0.159096,39.138508,43.750748,-6321.3344816256,
8.91,11.543934,0.162171,39.416035,43.548866,-6321.2672869992,
8.94,11.44986,0.164797,39.693554,43.346992,-5500.8880928862,
8.97,11.367995,0.167798,39.959942,43.138611,-5500.7537036335,
9,11.286132,0.170476,40.22633,42.930229,-4988.5290663395,
9.03,11.211892,0.173469,40.48167,42.715408,-4988.4618717131,
9.06,11.137653,0.1761,40.737011,42.500595,-1318.4929598561,
9.09,11.118031,0.178614,40.983669,42.277336,-1318.5601544826,
9.12,11.098408,0.181403,41.230328,42.054085,2134.1013354922,
9.15,11.130168,0.183663,41.469212,41.821198,2134.1013354922,
9.18,11.161928,0.185894,41.708096,41.588318,3609.9641104529,
9.21,11.215652,0.187301,41.940014,41.344688,3609.9641104528,
9.24,11.269376,0.188562,42.17194,41.101067,3609.8969158264,
9.27,11.323099,0.189447,42.403858,40.857445,4462.5967252533,
9.3,11.389512,0.189302,42.625721,40.59758,4462.5295306268,
9.33,11.455924,0.189266,42.847584,40.337723,4735.4741031952,
9.36,11.526398,0.188474,43.062214,40.066551,4735.4069085687,
9.39,11.596871,0.187786,43.276852,39.795387,4943.1726934976,
9.42,11.670436,0.186421,43.484074,39.513168,4943.1054988711,
9.45,11.744,0.185259,43.691296,39.230949,5220.1489436519,
9.48,11.821687,0.183476,43.890842,38.937782,5220.0145543989,
9.51,11.899372,0.18198,44.090397,38.644615,5369.9257659697,
9.54,11.979288,0.179899,44.281994,38.340622,5369.8585713432,
9.57,12.059203,0.178157,44.473591,38.036629,5368.7162626939,
9.6,12.139101,0.17588,44.656902,37.722038,5368.7162626939,
9.63,12.218999,0.173979,44.840214,37.407448,5461.5792364234,
9.66,12.300279,0.171587,45.014896,37.082512,5461.4448471706,
9.69,12.381557,0.169607,45.189579,36.757576,5517.4179709887,
9.72,12.463668,0.167164,45.355312,36.422531,5517.2835817358,
9.75,12.545777,0.165147,45.521053,36.087494,5357.4275654533,
9.78,12.625507,0.162699,45.677486,35.742676,5357.2931762003,
9.81,12.705235,0.160679,45.83392,35.397858,5308.0395150255,
9.84,12.78423,0.158269,45.980701,35.043655,5113.2422929979,
9.87,12.860326,0.155958,46.121044,34.683723,5113.1079037451,
9.9,12.93642,0.153991,46.261387,34.323784,5059.016229467,
9.93,13.011709,0.151762,46.392742,33.956299,5058.9490348406,
9.96,13.086997,0.149919,46.524097,33.588821,4689.5129787154,
9.99,13.156787,0.14778,46.645344,33.213501,4689.5129787155,
10.02,13.226577,0.146024,46.766582,32.838181,4398.8290247689,
10.05,13.292041,0.144001,46.877125,32.45536,4398.7618301426,
10.08,13.357504,0.142353,46.987667,32.072548,4074.346173727,
10.11,13.418139,0.140468,47.087116,31.682756,4074.346173727,
10.14,13.478774,0.138935,47.186558,31.292967,3382.9806623644,
10.17,13.52912,0.137214,47.27457,30.896955,3382.9806623643,
10.2,13.579466,0.1358,47.362583,30.500952,3305.4380634613,
10.23,13.628658,0.134242,47.438892,30.099432,2902.9422511315,
10.26,13.67186,0.132819,47.507717,29.694857,2902.875056505,
10.29,13.715061,0.131622,47.576534,29.290285,2231.4663491927,
10.32,13.74827,0.130372,47.634846,28.882105,2231.4663491927,
10.35,13.781479,0.129324,47.693157,28.473925,1820.1008461738,
10.38,13.808566,0.128239,47.739727,28.062471,1820.0336515472,
10.41,13.835652,0.127343,47.786297,27.651022,1201.1711421052,
10.44,13.853528,0.126429,47.820644,27.236959,1201.1711421051,
10.47,13.871404,0.125672,47.854992,26.822901,674.4996601282,
10.5,13.881442,0.124936,47.876919,26.407091,25.6011526708,
10.53,13.881823,0.124316,47.890942,25.990919,25.5339580443,
10.56,13.882203,0.12377,47.904957,25.574751,-181.358296741,
10.59,13.879504,0.123332,47.908161,25.158518,-181.3582967411,
10.62,13.876805,0.122957,47.911358,24.742285,-972.4406337293,
10.65,13.862333,0.122717,47.902607,24.326925,-972.4406337293,
10.68,13.847861,0.122446,47.893856,23.911566,-1542.6542336344,
10.71,13.824903,0.122361,47.87286,23.497946,-1542.5870390081,
10.74,13.801946,0.122228,47.851864,23.084326,-2187.4538688795,
10.77,13.769392,0.122324,47.818661,22.673395,-2434.1925371391,
10.8,13.733166,0.122461,47.777706,22.264669,-2434.2597317656,
10.83,13.696939,0.122556,47.736744,21.855947,-2831.9175309924,
10.86,13.654794,0.122894,47.685429,21.450701,-2831.9847256189,
10.89,13.612648,0.123124,47.634113,21.045454,-3510.9192310916,
10.92,13.560398,0.123649,47.571583,20.644854,-3510.9192310915,
10.95,13.508148,0.123996,47.509045,20.244257,-3739.4481555881,
10.98,13.452497,0.124662,47.435154,19.848967,-3739.3809609616,
11.01,13.396847,0.125166,47.361256,19.453676,-4175.2053080019,
11.04,13.334711,0.126015,47.276173,19.064444,-4175.1381133756,
11.07,13.272576,0.126648,47.19109,18.675215,-4683.8014354687,
11.1,13.202871,0.127654,47.095135,18.292826,-4683.7342408422,
11.13,13.133167,0.12841,46.999172,17.91044,-4688.6394485718,
11.16,13.06339,0.129545,46.892612,17.53525,-5093.5542674533,
11.19,12.987587,0.130761,46.779385,17.165312,-5093.5542674532,
11.22,12.911784,0.131742,46.666157,16.795374,-4981.003268179,
11.25,12.837656,0.133069,46.544079,16.432508,-4980.9360735527,
11.28,12.763529,0.134181,46.422001,16.069643,-5468.5674775723,
11.31,12.682145,0.135693,46.2906,15.715147,-5468.500282946,
11.34,12.600762,0.136882,46.159199,15.360655,-5263.4222830743,
11.37,12.522431,0.138477,46.018429,15.014856,-5263.3550884478,
11.4,12.444101,0.139819,45.877666,14.669058,-5432.3495739253,
11.43,12.363256,0.141569,45.727795,14.332457,-5432.2151846724,
11.46,12.282413,0.142998,45.57793,13.995859,-5424.7565811384,
11.49,12.201681,0.144844,45.419262,13.668756,-5424.689386512,
11.52,12.12095,0.146376,45.260593,13.341658,-5354.2022233845,
11.55,12.041268,0.148316,45.09341,13.024282,-5354.0678341316,
11.58,11.961588,0.149951,44.926228,12.706911,-5157.9267195756,
11.61,11.884827,0.151973,44.750782,12.399397,-5157.993914202,
11.64,11.808065,0.153692,44.575336,12.091883,-5073.3958795235,
11.67,11.732562,0.155793,44.391926,11.794436,-5073.3958795235,
11.7,11.657059,0.157572,44.208515,11.496992,-4882.4287512028,
11.73,11.584398,0.159714,44.017384,11.209749,-4882.2943619499,
11.76,11.511739,0.161552,43.82626,10.922506,-4516.4196210256,
11.79,11.444525,0.163714,43.627567,10.64546,-4516.4196210256,
11.82,11.377311,0.165604,43.428875,10.368414,-4402.5919238492,
11.85,11.311791,0.167803,43.222912,10.10177,-4402.5247292227,
11.88,11.246272,0.169686,43.016956,9.835127,-4402.4575345962,
11.91,11.180754,0.171412,42.811001,9.568487,-3458.0370600893,
11.94,11.129291,0.173582,42.594494,9.316565,-3458.1042547158,
11.97,11.077827,0.17555,42.377987,9.064646,373.8037068433,
12,11.08339,0.177301,42.152126,8.820913,373.8037068433,
12.03,11.088953,0.179379,41.926273,8.577181,3850.252094575,
12.06,11.146253,0.180807,41.68996,8.340559,3850.1848999487,
12.09,11.203552,0.182231,41.453648,8.103941,5070.3049267077,
12.12,11.279009,0.182714,41.2057,7.873594,5070.2377320812,
12.15,11.354465,0.183119,40.95776,7.643248,5482.5439598703,
12.18,11.436057,0.18261,40.69791,7.419172,5482.4767652438,
12.21,11.517648,0.182132,40.438061,7.195097,5571.5096452668,
12.24,11.600564,0.180853,40.166386,6.977591,5571.4424506403,
12.27,11.683479,0.179625,39.894718,6.760084,5592.6759525929,
12.3,11.76671,0.17773,39.611469,6.549496,5592.6087579665,
12.33,11.84994,0.175868,39.32822,6.338909,5598.0515227076,
12.36,11.933251,0.173473,39.033688,6.135548,5598.0515227076,
12.39,12.016562,0.171102,38.739159,5.932186,5599.4626098626,
12.42,12.099894,0.168315,38.433678,5.736303,5599.4626098625,
12.45,12.183226,0.165534,38.128201,5.540422,5599.7985829948,
12.48,12.266563,0.162443,37.812126,5.352211,5599.7985829948,
12.51,12.3499,0.159338,37.496052,5.164001,5600.0001668741,
12.54,12.43324,0.156018,37.16975,4.983593,5599.9329722477,
12.57,12.516579,0.152676,36.843449,4.803185,5599.8657776212,
12.6,12.599917,0.149204,36.507294,4.630653,5599.9329722477,
12.63,12.683256,0.145699,36.171139,4.458124,5600.0001668741,
12.66,12.766596,0.142133,35.825497,4.293491,5600.0001668741,
12.69,12.849936,0.138526,35.479858,4.128859,5599.9329722477,
12.72,12.933275,0.134919,35.125103,3.972099,5599.9329722477,
12.75,13.016614,0.131278,34.770351,3.81534,5599.9329722476,
12.78,13.099953,0.127692,34.406834,3.666389,5599.8657776213,
12.81,13.183291,0.124057,34.04332,3.517439,5600.0001668741,
12.84,13.266631,0.120514,33.671375,3.37619,5599.9329722477,
12.87,13.34997,0.116932,33.299431,3.234943,5600.0001668741,
12.9,13.43331,0.113479,32.919388,3.101273,5599.8657776212,
12.93,13.516648,0.109975,32.539345,2.967602,5599.9329722477,
12.96,13.599987,0.10662,32.151501,2.841349,5599.9329722476,
12.99,13.683326,0.103227,31.763657,2.715096,5599.9329722477,
13.02,13.766665,0.100002,31.368298,2.596083,5599.9329722477,
13.05,13.850004,0.096745,30.972939,2.477072,5600.0001668741,
13.08,13.933344,0.093671,30.57032,2.365114,5600.0001668741,
13.11,14.016684,0.090549,30.167706,2.253159,5599.9329722477,
13.14,14.100023,0.087618,29.758072,2.148052,5600.0001668741,
13.17,14.183363,0.084645,29.348442,2.042948,5600.0001668741,
13.2,14.266703,0.081865,28.932022,1.944487,5599.8657776212,
13.23,14.350041,0.07905,28.515606,1.846025,5600.0001668742,
13.26,14.433381,0.076426,28.092583,1.75399,5599.9329722476,
13.29,14.51672,0.073756,27.669563,1.661955,5600.0001668741,
13.32,14.60006,0.07128,27.240139,1.576126,5599.9329722477,
13.35,14.683399,0.068769,26.810719,1.490299,5600.0001668741,
13.38,14.766739,0.066447,26.375046,1.41046,5600.0001668741,
13.41,14.850079,0.063921,25.935364,1.334417,5599.9329722477,
13.44,14.933418,0.061568,25.495682,1.258377,5600.0001668741,
13.47,15.016758,0.059438,25.050709,1.187281,5600.0001668741,
13.5,15.100098,0.057325,24.60574,1.116184,5599.8657776213,
13.53,15.183436,0.05539,24.155117,1.050297,5599.9329722477,
13.56,15.266775,0.053412,23.704494,0.984409,5600.0001668741,
13.59,15.350115,0.051601,23.248161,0.92367,5599.9329722476,
13.62,15.433454,0.049733,22.791832,0.862932,5599.8657776213,
13.65,15.516792,0.048026,22.329845,0.807178,5599.9329722476,
13.68,15.600131,0.046259,21.867863,0.751425,5600.0001668742,
13.71,15.683471,0.044652,21.400288,0.700457,5599.9329722476,
13.74,15.76681,0.042985,20.932713,0.649488,5600.0001668741,
13.77,15.85015,0.041473,20.459641,0.603102,5600.0001668742,
13.8,15.93349,0.039896,19.986572,0.556713,3901.9919569279,
13.83,15.99156,0.038473,19.508068,0.514696,3901.9247623015,
13.86,16.049629,0.036997,19.029568,0.472681,-10449.7723296306,
13.89,15.894114,0.035909,18.554008,0.435476,-10449.6379403779,
13.92,15.738601,0.034463,18.078453,0.398272,-13254.9463993029,
13.95,15.541339,0.033685,17.613396,0.365982,-13254.8120100502,
13.98,15.344079,0.032249,17.148342,0.333693,-13738.2101526047,
14.01,15.139625,0.031507,16.695381,0.305847,-13738.2101526047,
14.04,14.935171,0.030114,16.242424,0.278002,-13821.397100128,
14.07,14.729479,0.029383,15.801926,0.254082,-13821.3299055015,
14.1,14.523788,0.028051,15.361431,0.230162,-13837.3222265924,
14.13,14.317859,0.027339,14.933571,0.20969,-13837.255031966,
14.16,14.111931,0.026081,14.505711,0.189219,-13840.8835417934,
14.19,13.905949,0.0254,14.090672,0.171776,-13840.8835417934,
14.22,13.699967,0.024226,13.675636,0.154333,-13840.681957914,
14.25,13.493988,0.023361,13.260601,0.13689,-13842.2946289483,
14.28,13.287985,0.023034,12.863239,0.12306,-13842.2274343221,
14.31,13.081983,0.021945,12.465878,0.10923,-13842.4290182012,
14.34,12.875978,0.021345,12.082191,0.097694,-13842.4290182012,
14.37,12.669973,0.020315,11.698505,0.086159,-13842.2946289485,
14.4,12.46397,0.019545,11.314823,0.074623,-13842.4290182012,
14.43,12.257965,0.019223,10.949154,0.065643,-13842.3618235748,
14.46,12.051961,0.018295,10.583485,0.056665,-13842.2946289485,
14.49,11.845958,0.017596,10.217823,0.047688,-13842.5634074541,
14.52,11.639951,0.017308,9.87125,0.040901,-13842.4962128277,
14.55,11.433945,0.016442,9.524681,0.034117,-13842.4290182012,
14.58,11.22794,0.015938,9.19231,0.028608,-13842.4290182013,
14.61,11.021935,0.015123,8.85994,0.0231,-13842.4290182012,
14.64,10.81593,0.014497,8.527573,0.017591,-13842.4290182012,
14.67,10.609925,0.014199,8.213459,0.013435,-13842.4290182013,
14.7,10.40392,0.013482,7.899345,0.009279,-13842.2946289483,
14.73,10.197917,0.012928,7.585232,0.005123,-13842.227434322,
14.76,9.991915,0.012505,7.271122,0.000967,-13842.4290182013,
14.79,9.78591,0.012394,6.981897,-0.001745,-13842.4290182012,
14.82,9.579905,0.011731,6.692675,-0.004457,-13842.4290182012,
14.85,9.3739,0.011212,6.403452,-0.00717,-13842.4290182013,
14.88,9.167895,0.01095,6.134253,-0.009071,-13842.4290182012,
14.91,8.96189,0.010349,5.865055,-0.010973,-13842.3618235748,
14.94,8.755886,0.009871,5.595858,-0.012877,-13842.227434322,
14.97,8.549884,0.009496,5.326664,-0.014778,-13842.4962128277,
15,8.343878,0.009358,5.082912,-0.015936,-13842.4290182012,
15.03,8.137873,0.008826,4.839161,-0.017092,-13842.4290182013,
15.06,7.931868,0.008396,4.595411,-0.01825,-13842.2946289484,
15.09,7.725865,0.008052,4.351664,-0.019405,-13842.4962128277,
15.12,7.519859,0.007913,4.134459,-0.020061,-13842.4962128277,
15.15,7.313853,0.007394,3.917253,-0.020718,-13842.4290182013,
15.18,7.107848,0.006966,3.700048,-0.021374,-13842.3618235748,
15.21,6.901844,0.006615,3.482845,-0.02203,-13842.227434322,
15.24,6.695842,0.006328,3.265642,-0.022684,-13842.5634074541,
15.27,6.489835,0.006206,3.077023,-0.023005,-13842.4290182013,
15.3,6.28383,0.005867,2.888403,-0.023325,-13842.4290182013,
15.33,6.077825,0.005586,2.699785,-0.023643,-13842.2946289484,
15.36,5.871822,0.005353,2.511169,-0.023964,-13842.4962128277,
15.39,5.665816,0.005251,2.349407,-0.024113,-13842.4290182013,
15.42,5.459811,0.004949,2.187645,-0.024263,-13842.3618235748,
15.45,5.253807,0.004694,2.025883,-0.024412,-13842.3618235748,
15.48,5.047803,0.004478,1.86412,-0.024563,-13842.4962128277,
15.51,4.841797,0.004374,1.731497,-0.024624,-13842.4290182012,
15.54,4.635792,0.004112,1.598873,-0.024685,-13842.4290182013,
15.57,4.429787,0.003887,1.466249,-0.024746,-13842.3618235748,
15.6,4.223783,0.003694,1.333626,-0.024807,-13842.3618235748,
15.63,4.017779,0.003528,1.201002,-0.024866,-13842.227434322,
15.66,3.811777,0.003388,1.06838,-0.024927,-13842.5634074541,
15.69,3.60577,0.003361,0.98246,-0.024937,-13842.4962128277,
15.72,3.399764,0.003165,0.89654,-0.024946,-13842.4962128277,
15.75,3.193758,0.002994,0.810619,-0.024956,-13842.4962128277,
15.78,2.987752,0.002843,0.724699,-0.024965,-13842.4290182012,
15.81,2.781747,0.002713,0.638779,-0.024977,-13842.4290182013,
15.84,2.575742,0.002599,0.552858,-0.024986,-13842.3618235748,
15.87,2.369738,0.0025,0.466938,-0.024998,-13842.3618235748,
15.9,2.163734,0.002416,0.381018,-0.025007,-13842.2946289484,
15.93,1.957731,0.002345,0.295099,-0.025019,-13842.4962128277,
15.96,1.751725,0.002358,0.264048,-0.025019,-13842.4290182012,
15.99,1.54572,0.002282,0.232996,-0.025019,-13842.4962128277,
16.02,1.339714,0.002218,0.201944,-0.025021,-13842.4962128277,
16.05,1.133708,0.002163,0.170891,-0.025021,-13842.4962128277,
16.08,0.927702,0.002119,0.139839,-0.025023,-13842.5634074541,
16.11,0.721695,0.002083,0.108786,-0.025023,-13842.697796707,1.5707963268
16.14,0.515686,0.002058,0.077732,-0.025024,-13842.7649913334,
16.17,0.309676,0.002039,0.046679,-0.025024,-13843.0337698392,
16.2,0.103662,0.002028,0.015625,-0.025026,-6965.5293652328,
