time [sec],velocity [m/s],angle [rad],x[m],y [m],Torque,,,
0,0,0,0.000008,0.000031,1584.0000472015,,,2581.4030769231
0.03,0.08334,0,0.036736,0.022064,5600.0001668741,0.0014545574,,2581.4030769231
0.06,0.16668,-1.28453E-006,0.073463,0.044098,5600.0001668741,0.0029091148,,2581.4030769231
0.09,0.25002,0,0.110191,0.066132,5600.0001668741,0.0043636722,,2581.4030769231
0.12,0.33336,0,0.146919,0.088165,5600.0001668741,0.0058182296,,2581.4030769231
0.15,0.4167,1.76967E-006,0.183647,0.110199,5600.0001668741,0.007272787,,2581.4030769231
0.18,0.50004,2.80954E-006,0.220375,0.132233,5600.0001668741,0.0087273444,,2581.4030769231
0.21,0.58338,3.78442E-006,0.257103,0.154266,5600.0001668741,0.0101819018,,2581.4030769231
0.24,0.66672,4.82429E-006,0.293831,0.1763,5600.0001668741,0.0116364592,,2581.4030769231
0.27,0.75006,5.86416E-006,0.330559,0.198334,5600.0001668741,0.0130910166,,2581.4030769231
0.3,0.8334,0.000006904,0.367287,0.220367,5600.0001668741,0.014545574,,2581.4030769231
0.33,0.91674,7.87891E-006,0.404015,0.242401,5600.0001668741,0.0160001314,,2581.4030769231
0.36,1.00008,8.91878E-006,0.440742,0.264435,5600.0001668741,0.0174546888,,2581.4030769231
0.39,1.08342,9.89367E-006,0.47747,0.286469,5600.0001668741,0.0189092462,,2581.4030769231
0.42,1.16676,1.09335E-005,0.514198,0.308502,5600.0001668741,0.0203638036,,2581.4030769231
0.45,1.2501,1.19734E-005,0.550926,0.330536,5600.0001668741,0.021818361,,2581.4030769231
0.48,1.33344,1.30133E-005,0.587654,0.35257,5600.0001668741,0.0232729184,,2581.4030769231
0.51,1.41678,1.39882E-005,0.624382,0.374603,5600.0001668741,0.0247274758,,2581.4030769231
0.54,1.50012,1.50281E-005,0.66111,0.396637,5600.0001668741,0.0261820332,,2581.4030769231
0.57,1.58346,1.60029E-005,0.697838,0.418671,5600.0001668741,0.0276365906,,2581.4030769231
0.6,1.6668,1.70428E-005,0.734566,0.44072,5600.0001668741,0.029091148,,2581.4030769231
0.63,1.75014,1.70354E-005,0.771294,0.462753,5600.0001668741,0.0305457054,,2581.4030769231
0.66,1.83348,1.70279E-005,0.808022,0.484802,5600.0001668741,0.0320002628,,2581.4030769231
0.69,1.91682,1.69555E-005,0.844749,0.506836,5600.0001668741,0.0334548202,,2581.4030769231
0.72,2.00016,1.68317E-005,0.881477,0.528885,5600.0001668741,0.0349093776,,2581.4030769231
0.75,2.0835,1.67593E-005,0.918205,0.550919,5600.0001668741,0.036363935,,2581.4030769231
0.78,2.16684,1.67518E-005,0.954933,0.572968,5600.0001668741,0.0378184924,,2581.4030769231
0.81,2.25018,1.67444E-005,0.991661,0.595001,5599.9329722477,0.0392730498,,2581.3721025641
0.84,2.333519,1.06858E-005,1.028389,0.61705,5600.0001668741,0.0407275897,,2581.4030769231
0.87,2.416859,1.16607E-005,1.065117,0.639084,5600.0001668741,0.0421821471,,2581.4030769231
0.9,2.500199,1.27006E-005,1.101845,0.661133,5600.0001668741,0.0436367045,,2581.4030769231
0.93,2.583539,1.36755E-005,1.138573,0.683167,5600.0001668741,0.0450912619,,2581.4030769231
0.96,2.666879,1.47153E-005,1.175297,0.705215,5600.0001668741,0.0465458193,,2581.4030769231
0.99,2.750219,1.57552E-005,1.212025,0.727249,5600.0001668741,0.0480003767,,2581.4030769231
1.02,2.833559,1.67301E-005,1.248749,0.749298,5600.0001668741,0.0494549341,,2581.4030769231
1.049999,2.916899,1.71674E-005,1.336475,0.801926,5600.0001668741,0.0509094915,,2581.4030769231
1.079999,3.000239,1.47814E-005,1.424202,0.854553,5600.0001668741,0.0523640489,,2581.4030769231
1.109999,3.083579,1.24582E-005,1.511929,0.907181,5600.0001668741,0.0538186063,,2581.4030769231
1.139999,3.166919,1.00723E-005,1.599655,0.959824,5599.9329722477,0.0552731637,,2581.3721025641
1.169999,3.250258,7.81191E-006,1.687382,1.012451,5600.0001668741,0.0567277036,,2581.4030769231
1.199999,3.333598,0.000005426,1.775108,1.065094,5600.0001668741,,,2581.4030769231
1.229999,3.416938,3.1656E-006,1.862831,1.117722,5600.0001668741,,,2581.4030769231
1.259999,3.500278,0,1.950558,1.170364,5600.0001668741,,,2581.4030769231
1.289999,3.583618,-1.4175E-006,2.03828,1.222992,5600.0001668741,,,2581.4030769231
1.319999,3.666958,-3.74066E-006,2.126007,1.275635,5600.0001668741,,,2581.4030769231
1.349999,3.750298,-0.000006001,2.21373,1.328262,5600.0001668741,,,2581.4030769231
1.379999,3.833638,-8.32418E-006,2.301453,1.380905,5600.0001668741,,,2581.4030769231
1.409999,3.916978,-1.05846E-005,2.389179,1.433533,5600.0001668741,,,2581.4030769231
1.439999,4.000318,-1.29705E-005,2.476902,1.486176,5600.0001668741,,,2581.4030769231
1.469999,4.083658,-1.48892E-005,2.591343,1.55484,5600.0001668741,,,2581.4030769231
1.499999,4.166998,-4.0281E-006,2.705784,1.623505,5600.0001668741,,,2581.4030769231
1.529999,4.250338,0,2.820225,1.692169,5600.0001668741,,,2581.4030769231
1.559999,4.333678,4.16872E-006,2.934666,1.760834,5600.0001668741,,,2581.4030769231
1.589999,4.417018,8.23653E-006,3.049103,1.829498,5600.0001668741,,,2581.4030769231
1.619999,4.500358,1.22427E-005,3.163544,1.898163,5599.9329722476,,,2581.3721025641
1.649999,4.583697,1.63105E-005,3.277981,1.966827,5600.0001668741,,,2581.4030769231
1.679999,4.667037,2.03167E-005,3.392422,2.035492,5600.0001668741,,,2581.4030769231
1.709999,4.750377,0.000024323,3.506859,2.104156,5600.0001668741,,,2581.4030769231
1.739999,4.833717,2.83908E-005,3.6213,2.172821,5600.0001668741,,,2581.4030769231
1.769999,4.917057,3.23971E-005,3.735737,2.241486,5600.0001668741,,,2581.4030769231
1.799999,5.000397,2.92178E-005,3.87199,2.323242,5600.0001668741,,,2581.4030769231
1.829999,5.083737,2.64866E-005,4.008244,2.404984,5600.0001668741,,,2581.4030769231
1.859999,5.167077,2.36948E-005,4.144497,2.48674,5600.0001668741,,,2581.4030769231
1.889999,5.250417,1.42743E-005,4.28075,2.568481,5600.0001668741,,,2581.4030769231
1.919999,5.333757,1.14825E-005,4.417004,2.650238,5600.0001668741,,,2581.4030769231
1.949999,5.417097,8.75144E-006,4.553257,2.731979,5599.9329722476,,,2581.3721025641
1.979999,5.500436,0,4.689507,2.813736,5600.0001668741,,,2581.4030769231
2.009999,5.583776,-3.39966E-006,4.82576,2.895477,5600.0001668741,,,2581.4030769231
2.039999,5.667116,-5.21344E-006,4.962009,2.977234,5600.0001668741,,,2581.4030769231
2.069999,5.750456,-1.29886E-006,5.116413,3.06987,5600.0673615005,,,2581.4340512821
2.099998,5.833797,0,5.270817,3.162506,5599.9329722477,,,2581.3721025641
2.129998,5.917136,2.17529E-006,5.42522,3.255142,5600.0001668741,,,2581.4030769231
2.159998,6.000476,3.91257E-006,5.579624,3.347794,5600.0001668741,,,2581.4030769231
2.189998,6.083816,5.64986E-006,5.734028,3.44043,5600.0001668741,,,2581.4030769231
2.219998,6.167156,6.42178E-006,5.888432,3.533066,5599.9329722476,,,2581.3721025641
2.249998,6.250495,7.19371E-006,6.042831,3.625717,5600.0673615005,,,2581.4340512821
2.279998,6.333836,7.73857E-006,6.197235,3.718353,5600.0001668741,,,2581.4030769231
2.309998,6.417176,8.3511E-006,6.367958,3.820786,5599.9329722476,,,2581.3721025641
2.339998,6.500515,7.51551E-006,6.538681,3.923218,5600.0673615005,,,2581.4340512821
2.369998,6.583856,6.73912E-006,6.709404,4.02565,5599.9329722477,,,2581.3721025641
2.399998,6.667195,6.85752E-006,6.880123,4.128082,5600.0001668741,,,2581.4030769231
2.429998,6.750535,6.91672E-006,7.050846,4.230515,5600.0001668741,,,2581.4030769231
2.459998,6.833875,0,7.221565,4.332947,5600.0001668741,,,2581.4030769231
2.489998,6.917215,0,7.392288,4.435379,5600.0001668741,,,2581.4030769231
2.519998,7.000555,0,7.577438,4.546463,5600.0001668741,,,2581.4030769231
2.549998,7.083895,-3.82972E-006,7.762589,4.657547,5600.0001668741,,,2581.4030769231
2.579998,7.167235,-8.45735E-006,7.947739,4.768631,5600.0001668741,,,2581.4030769231
2.609998,7.250575,-1.32021E-005,8.132889,4.87973,5600.0001668741,,,2581.4030769231
2.639998,7.333915,-1.14319E-005,8.318043,4.990814,5599.9329722476,,,2581.3721025641
2.669998,7.417254,-1.62353E-005,8.503193,5.101913,5600.0001668741,,,2581.4030769231
2.699998,7.500594,-1.35797E-005,8.688343,5.212997,5600.0001668741,,,2581.4030769231
2.729998,7.583934,-1.72538E-005,8.887901,5.332733,5600.0001668741,,,2581.4030769231
2.759998,7.667274,-2.04474E-005,9.08746,5.452469,5600.0673615005,,,2581.4340512821
2.789998,7.750615,-1.08776E-005,9.287018,5.572205,5600.0001668741,,,2581.4030769231
2.819998,7.833955,-1.41153E-006,9.486572,5.69194,5600.0001668741,,,2581.4030769231
2.849998,7.917295,0,9.686127,5.811676,5599.9329722476,,,2581.3721025641
2.879998,8.000634,2.87671E-006,9.885685,5.931412,5600.0001668741,,,2581.4030769231
2.909998,8.083974,4.85917E-006,10.097805,6.058685,5600.0001668741,,,2581.4030769231
2.939998,8.167314,3.75571E-006,10.309929,6.185974,5600.0001668742,,,2581.4030769231
2.969998,8.250654,2.65225E-006,10.522049,6.313232,5600.0001668741,,,2581.4030769231
2.999998,8.333994,1.40899E-005,10.734169,6.440521,5600.0001668741,,,2581.4030769231
3.029998,8.417334,0.000019257,10.946293,6.56778,5600.0001668741,,,2581.4030769231
3.059998,8.500674,2.44241E-005,11.158413,6.695068,5600.0001668741,,,2581.4030769231
3.089998,8.584014,2.83976E-005,11.38298,6.829803,5600.0001668741,,,2581.4030769231
3.119998,8.667354,1.62762E-005,11.607548,6.964539,5599.9329722477,,,2581.3721025641
3.149997,8.750693,1.13849E-005,11.832115,7.099274,5600.0673615006,,,2581.4340512821
3.179997,8.834034,-5.98631E-006,12.056679,7.234009,5600.0001668741,,,2581.4030769231
3.209997,8.917374,-1.08775E-005,12.281246,7.368744,5599.9329722476,,,2581.3721025641
3.239997,9.000713,-1.47953E-005,12.50581,7.503479,5600.0001668742,,,2581.4030769231
3.269997,9.084053,-1.85908E-005,12.742939,7.645752,5600.0673615004,,,2581.434051282
3.299997,9.167394,-2.15753E-005,12.980068,7.788025,5599.9329722477,,,2581.3721025641
3.329997,9.250733,-1.22429E-005,13.217197,7.930298,5600.0673615004,,,2581.434051282
3.359997,9.334074,-1.61351E-005,13.454327,8.072571,5600.0001668742,,,2581.4030769231
3.389997,9.417414,-2.00719E-005,13.691456,8.214844,5599.9329722476,,,2581.3721025641
3.419997,9.500753,-2.38138E-005,13.939163,8.363464,5600.0001668741,,,2581.4030769231
3.449997,9.584093,-1.90022E-005,14.186867,8.512085,5600.0001668742,,,2581.4030769231
3.479997,9.667433,-1.41906E-005,14.43457,8.660736,5599.9329722476,,,2581.3721025641
3.509997,9.750772,-9.37905E-006,14.682281,8.809357,5600.0673615006,,,2581.4340512821
3.539997,9.834113,-4.51162E-006,14.929985,8.958008,5600.0001668741,,,2581.4030769231
3.569997,9.917453,0,15.188148,9.112915,5600.0001668741,,,2581.4030769231
3.599997,10.000793,0,15.446312,9.267822,5599.9329722477,,,2581.3721025641
3.629997,10.084132,0,15.704483,9.422729,5600.0001668741,,,2581.4030769231
3.659997,10.167472,0,15.962646,9.577637,5600.0673615006,,,2581.4340512821
3.689997,10.250813,1.28835E-006,16.220818,9.732513,5599.9329722476,,,2581.3721025641
3.719997,10.334152,0,16.489464,9.893707,5600.0001668741,,,2581.4030769231
3.749997,10.417492,0,16.758102,10.054901,5600.0673615006,,,2581.4340512821
3.779997,10.500833,0,17.026749,10.216095,5599.9329722477,,,2581.3721025641
3.809997,10.584172,1.08775E-006,17.295387,10.377258,5600.0001668741,,,2581.4030769231
3.839997,10.667512,0,17.564034,10.538452,5600.0001668741,,,2581.4030769231
3.869997,10.750852,1.06624E-006,17.843239,10.705963,5599.9329722477,,,2581.3721025641
3.899997,10.834191,0,18.122437,10.873474,5600.0001668741,,,2581.4030769231
3.929997,10.917531,0,18.401642,11.041016,5600.0673615004,,,2581.434051282
3.959997,11.000872,0,18.68084,11.208527,5599.9329722477,,,2581.3721025641
3.989997,11.084211,0,18.96862,11.381195,5600.0001668741,,,2581.4030769231
4.019997,11.167551,5.11859E-006,19.256401,11.553864,5600.0673615006,,,2581.4340512821
4.049997,11.250892,1.08035E-005,19.544182,11.726532,5600.0001668741,,,2581.4030769231
4.079997,11.334232,1.65426E-005,19.831963,11.8992,5600.0673615006,,,2581.4340512821
4.109997,11.417573,2.22817E-005,20.119751,12.071869,5600.0673615004,,,2581.434051282
4.139997,11.500914,0.000016059,20.417976,12.250793,5600.0001668741,,,2581.4030769231
4.169998,11.584254,9.40128E-006,20.716202,12.429718,5600.0673615006,,,2581.4340512821
4.199998,11.667595,1.0132E-006,21.01442,12.608643,5600.0673615004,,,2581.434051282
4.229998,11.750936,-7.47058E-006,21.312645,12.787598,5600.0001668741,,,2581.4030769231
4.259998,11.834276,-1.40318E-005,21.619347,12.971619,5600.0673615006,,,2581.4340512821
4.289999,11.917617,-1.26444E-005,21.926048,13.15564,5600.0001668741,,,2581.4030769231
4.319999,12.000957,-1.13524E-005,22.23275,13.339661,5600.0673615006,,,2581.4340512821
4.349999,12.084298,-1.17256E-005,22.539459,13.523682,5600.0001668741,,,2581.4030769231
4.379999,12.167638,-1.20691E-005,22.854607,13.712769,5600.0001668741,,,2581.4030769231
4.409999,12.250978,-1.30753E-005,23.169754,13.901855,5600.0673615006,,,2581.4340512821
4.44,12.334319,-1.40286E-005,23.484894,14.090942,5600.0673615004,,,2581.434051282
4.47,12.41766,-1.50877E-005,23.800041,14.280029,5600.0001668741,,,2581.4030769231
4.5,12.501,-4.49432E-006,24.123634,14.474182,5600.0673615006,,,2581.4340512821
4.53,12.584341,-3.54761E-006,24.44722,14.668335,5600.0673615004,,,2581.434051282
4.56,12.667682,-2.60091E-006,24.770813,14.862488,5600.0001668742,,,2581.4030769231
4.590001,12.751022,-1.7068E-006,25.094406,15.056641,5600.0673615004,,,2581.434051282
4.620001,12.834363,0,25.42646,15.255859,5600.0673615006,,,2581.4340512821
4.650001,12.917704,0,25.758514,15.455109,5600.0001668741,,,2581.4030769231
4.680001,13.001044,1.38614E-006,26.090569,15.654327,5600.0673615004,,,2581.434051282
4.710001,13.084385,2.43071E-006,26.422623,15.853577,5600.0673615006,,,2581.4340512821
4.740002,13.167726,3.55457E-006,26.763176,16.057922,5600.0001668741,,,2581.4030769231
4.770002,13.251066,1.32453E-006,27.103729,16.262238,5600.0673615006,,,2581.4340512821
4.800002,13.334407,0,27.44429,16.466583,5600.0001668741,,,2581.4030769231
4.830002,13.417747,-3.16953E-006,27.791412,16.674866,5600.0673615004,,,2581.434051282
4.860003,13.501088,-3.53058E-006,28.138542,16.883148,5600.0673615006,,,2581.4340512821
4.890003,13.584429,-3.94318E-006,28.485672,17.091431,5600.0673615006,,,2581.4340512821
4.920003,13.66777,-4.30422E-006,28.832802,17.299683,5600.0001668741,,,2581.4030769231
4.950003,13.75111,-4.68442E-006,29.188133,17.512878,5600.0673615004,,,2581.434051282
4.980003,13.834451,-1.18556E-005,29.543465,17.726074,5600.0001668741,,,2581.4030769231
5.010004,13.917791,-1.89756E-005,29.898804,17.93927,5600.0673615006,,,2581.4340512821
5.040004,14.001132,-1.30904E-005,30.260742,18.156433,5600.0673615004,,,2581.434051282
5.070004,14.084473,-1.83335E-006,30.622681,18.373627,5600.0001668742,,,2581.4030769231
5.100004,14.167813,9.47425E-006,30.984619,18.59079,5600.0673615004,,,2581.434051282
5.130004,14.251154,2.06804E-005,31.346565,18.807983,5600.0001668741,,,2581.4030769231
5.160005,14.334494,3.00449E-005,31.716728,19.03006,5600.0001668741,,,2581.4030769231
5.190005,14.417834,2.31034E-005,32.086891,19.252167,5600.0673615006,,,2581.4340512821
5.220005,14.501175,1.61621E-005,32.457054,19.474243,5600.0001668741,,,2581.4030769231
5.250005,14.584515,0,32.833786,19.700287,5600.0001668741,,,2581.4030769231
5.280005,14.667855,6.59316E-006,33.21051,19.926331,5600.0673615006,,,2581.4340512821
5.310006,14.751196,1.33834E-005,33.587242,20.152374,5600.1345561269,,,2581.465025641
5.340006,14.834538,1.84625E-005,33.963974,20.378387,5599.9329722477,,,2581.3721025641
5.370006,14.917877,2.34618E-005,34.349083,20.609436,5600.0673615004,,,2581.434051282
5.400006,15.001218,1.26141E-005,34.734192,20.840515,5600.0001668741,,,2581.4030769231
5.430007,15.084558,0.000003326,35.119308,21.071564,5600.0673615006,,,2581.4340512821
5.460007,15.167899,-5.92854E-006,35.510841,21.306488,5600.0673615004,,,2581.434051282
5.490007,15.25124,-9.00736E-006,35.902374,21.541412,5600.0001668742,,,2581.4030769231
5.520007,15.33458,-1.20862E-005,36.293907,21.776337,5600.0001668741,,,2581.4030769231
5.550007,15.41792,-1.50313E-005,36.691826,22.015076,5600.0673615004,,,2581.434051282
5.580008,15.501261,-1.99582E-005,37.089745,22.253845,5600.0001668741,,,2581.4030769231
5.610008,15.584601,-1.41474E-005,37.487671,22.492584,5600.0673615006,,,2581.4340512821
5.640008,15.667942,-1.89291E-005,37.891968,22.735168,5600.0673615006,,,2581.4340512821
5.670008,15.751283,-3.49838E-006,38.296257,22.977753,5600.0001668741,,,2581.4030769231
5.700008,15.834623,1.03493E-005,38.700554,23.220337,5600.0673615004,,,2581.434051282
5.730009,15.917964,2.41107E-005,39.111221,23.466736,5600.0673615004,,,2581.434051282
5.760009,16.001305,1.11703E-005,39.521881,23.713135,5600.0673615006,,,2581.4340512821
5.790009,16.084646,-1.40591E-005,39.932549,23.959534,5600.1345561271,,,2581.4650256411
5.820009,16.167988,-2.53313E-005,40.349564,24.209747,5600.0001668741,,,2581.4030769231
5.850009,16.251328,-1.66769E-005,40.766579,24.459961,5600.0673615006,,,2581.4340512821
5.88001,16.334669,-7.93573E-006,41.183601,24.710175,5600.0001668741,,,2581.4030769231
5.91001,16.418009,0,41.606979,24.964203,5600.0673615003,,,2581.434051282
5.94001,16.50135,6.49677E-006,42.030357,25.218231,5600.1345561271,,,2581.4650256411
5.97001,16.584692,1.38356E-005,42.453735,25.47226,5600.0001668741,,,2581.4030769231
6.00001,16.668032,1.94209E-005,42.883476,25.730103,5600.0673615006,,,2581.4340512821
6.030011,16.751373,2.50113E-006,43.313217,25.987946,5600.1345561268,,,2581.465025641
6.060011,16.834715,-3.97939E-006,43.742966,26.245789,5600.0001668741,,,2581.4030769231
6.090011,16.918055,-1.03527E-005,44.17907,26.507446,5599.9329722478,,,2581.3721025642
6.120011,17.001394,-3.33607E-006,44.615173,26.769104,5600.1345561268,,,2581.465025641
6.150012,17.084736,3.58463E-006,45.051285,27.030762,5600.0001668741,,,2581.4030769231
6.180012,17.168076,0.00001054,45.493767,27.296234,5600.0673615006,,,2581.4340512821
6.210012,17.251417,-8.36808E-006,45.936256,27.561737,5600.0001668741,,,2581.4030769231
6.240012,17.334757,-1.68628E-005,46.378746,27.827209,5600.0001668741,,,2581.4030769231
6.270012,17.418097,-2.37837E-005,46.827621,28.096527,5599.9329722478,,,2581.3721025642
6.300013,17.501436,-2.33955E-005,47.276497,28.365875,5600.1345561268,,,2581.465025641
6.330013,17.584778,-2.27812E-005,47.725372,28.635193,5600.0001668741,,,2581.4030769231
6.360013,17.668118,-1.20159E-005,48.180664,28.908386,5599.9329722476,,,2581.3721025641
6.390013,17.751457,-1.26247E-005,48.635948,29.181549,5600.0001668741,,,2581.4030769231
6.420013,17.834797,-1.32132E-005,49.095932,29.45755,5600.1345561271,,,2581.4650256411
6.450014,17.918139,-0.000001761,49.555916,29.733551,5600.0673615006,,,2581.4340512821
6.480014,18.00148,8.18565E-006,50.0159,30.009552,5600.0001668741,,,2581.4030769231
6.510014,18.08482,1.79402E-005,50.481834,30.289093,5600.0673615006,,,2581.4340512821
6.540014,18.168161,0,50.947769,30.568634,5600.1345561268,,,2581.465025641
6.570014,18.251503,-1.55091E-005,51.413704,30.848206,5600.0001668741,,,2581.4030769231
6.600015,18.334843,-3.12536E-005,51.885971,31.131592,5600.0673615006,,,2581.4340512821
6.630015,18.418184,-1.96536E-005,52.358238,31.414948,5600.1345561268,,,2581.465025641
6.660015,18.501526,-9.67048E-006,52.830513,31.698334,5600.0001668743,,,2581.4030769232
6.690015,18.584866,0,53.309265,31.985596,5599.9329722476,,,2581.3721025641
6.720016,18.668205,0,53.788017,32.272827,5600.1345561268,,,2581.465025641
6.750016,18.751547,0,54.271309,32.562805,5600.0001668741,,,2581.4030769231
6.780016,18.834887,1.81671E-006,54.754601,32.852783,5600.0673615006,,,2581.4340512821
6.810016,18.918228,1.44071E-006,55.237892,33.142761,5600.0001668741,,,2581.4030769231
6.840016,19.001568,2.65906E-006,55.727249,33.436371,5600.0001668741,,,2581.4030769231
6.870017,19.084908,1.39712E-005,56.216614,33.72998,5599.9329722478,,,2581.3721025642
6.900017,19.168247,2.50825E-005,56.710579,34.026367,5600.1345561268,,,2581.465025641
6.930017,19.251589,1.60257E-005,57.204544,34.322723,5600.0673615006,,,2581.4340512821
6.960017,19.33493,-3.03723E-006,57.698517,34.61911,5600.0001668741,,,2581.4030769231
6.990017,19.41827,-9.12557E-006,58.198502,34.919098,5600.0001668741,,,2581.4030769231
7.020018,19.50161,-1.56951E-006,58.698486,35.219086,5599.9329722478,,,2581.3721025642
7.050018,19.584949,0.000004526,59.203087,35.521851,5600.1345561268,,,2581.465025641
7.080018,19.668291,1.16811E-006,59.707687,35.824615,5600.1345561271,,,2581.4650256411
7.110018,19.751633,-2.18935E-006,60.212296,36.12735,5599.9329722476,,,2581.3721025641
7.140018,19.834972,-4.0359E-006,60.722923,36.433716,5600.1345561268,,,2581.465025641
7.170019,19.918314,-1.41844E-005,61.233559,36.740112,5600.0001668741,,,2581.4030769231
7.200019,20.001654,-0.000024136,61.748779,37.049255,5600.0673615006,,,2581.4340512821
7.230019,20.084995,-0.000113896,62.264,37.358398,5600.1345561271,,,2581.4650256411
7.260019,20.168337,-0.000188188,62.779221,37.667542,5600.0001668741,,,2581.4030769231
7.29002,20.251677,-0.000248294,63.300461,37.980438,5599.9329722476,,,2581.3721025641
7.32002,20.335016,-0.000645528,63.821701,38.293365,5600.0001668741,,,2581.4030769231
7.35002,20.418356,-0.000947854,64.347237,38.609375,5600.1345561271,,,2581.4650256411
7.38002,20.501698,-0.00150612,64.87278,38.925385,5600.0673615003,,,2581.434051282
7.41002,20.585039,-0.00193528,65.398323,39.241394,5600.0001668743,,,2581.4030769232
7.440021,20.668379,-0.00225753,65.92952,39.562042,5600.0673615003,,,2581.434051282
7.470021,20.75172,-0.00295406,66.460709,39.88269,5600.0001668741,,,2581.4030769231
7.500021,20.83506,-0.00348734,66.995682,40.207001,5600.0001668741,,,2581.4030769231
7.530021,20.9184,-0.00426545,67.530663,40.531311,5600.0001668743,,,2581.4030769232
7.560021,21.00174,-0.00484079,68.069176,40.859589,5600.0673615003,,,2581.434051282
7.590022,21.085081,-0.00562538,68.607689,41.187897,5600.1345561271,,,2581.4650256411
7.620022,21.168423,-0.0062371,69.146202,41.516174,5599.9329722476,,,2581.3721025641
7.650022,21.251762,-0.00666362,69.689438,41.850494,5600.0001668741,,,2581.4030769231
7.680022,21.335102,-0.00750161,70.232674,42.184814,5600.1345561271,,,2581.4650256411
7.710022,21.418444,-0.00810849,70.778999,42.523895,5599.9329722476,,,2581.3721025641
7.740023,21.501783,-0.00899341,71.325325,42.862946,5600.1345561271,,,2581.4650256411
7.770023,21.585125,-0.00962797,71.874443,43.207062,5600.0001668741,,,2581.4030769231
7.800023,21.668465,-0.0105171,72.423569,43.551178,5599.9329722476,,,2581.3721025641
7.830023,21.751804,-0.0111468,72.975235,43.900665,5600.1345561271,,,2581.4650256411
7.860023,21.835146,-0.0120431,73.526901,44.250153,5600.0001668741,,,2581.4030769231
7.890024,21.918486,-0.0127272,74.078575,44.59964,5599.9329722476,,,2581.3721025641
7.920024,22.001825,-0.0131575,74.633507,44.957336,5600.1345561268,,,2581.465025641
7.950024,22.085167,-0.0141314,75.188446,45.315002,5600.1345561271,,,2581.4650256411
7.980024,22.168509,-0.014792,75.745331,45.679077,5599.9329722476,,,2581.3721025641
8.010024,22.251848,-0.0157511,76.302216,46.043182,5600.0001668741,,,2581.4030769231
8.040024,22.335188,-0.016392,76.860695,46.41394,5600.0001668741,,,2581.4030769231
8.070024,22.418528,-0.0173775,77.419174,46.784698,5599.9329722478,,,2581.3721025642
8.100023,22.501867,-0.0180468,77.978928,47.162537,5600.0001668741,,,2581.4030769231
8.130023,22.585207,-0.019023,78.538681,47.540375,5600.0001668741,,,2581.4030769231
8.160023,22.668547,-0.0196678,79.099365,47.925659,5599.7985829948,,,2581.3101538462
8.190022,22.751884,-0.0206862,79.660049,48.310974,5600.0001668741,,,2581.4030769231
8.220022,22.835224,-0.0213534,80.221298,48.704193,5600.0001668741,,,2581.4030769231
8.250022,22.918564,-0.0223936,80.782547,49.097382,5599.8657776213,,,2581.3411282052
8.280022,23.001902,-0.0231708,81.343781,49.490601,5599.9329722476,,,2581.3721025641
8.310021,23.085241,-0.0235828,81.905273,49.896088,5599.8657776213,,,2581.3411282052
8.340021,23.168579,-0.0247106,82.466766,50.301575,5600.0001668741,,,2581.4030769231
8.370021,23.251919,-0.0254384,83.027832,50.716187,5599.8657776211,,,2581.3411282051
8.400021,23.335257,-0.0265804,83.588898,51.130798,5599.9329722478,,,2581.3721025642
8.43002,23.418596,-0.0272998,84.149078,51.554901,5600.0001668741,,,2581.4030769231
8.46002,23.501936,-0.028447,84.709244,51.979034,5599.8657776211,,,2581.3411282051
8.49002,23.585274,-0.0291651,85.268021,52.413147,5599.9329722478,,,2581.3721025642
8.52002,23.668613,-0.0303123,85.826797,52.84726,5600.0001668741,,,2581.4030769231
8.550019,23.751953,-0.0310155,86.383652,53.29184,5599.8657776213,,,2581.3411282052
8.580019,23.835291,-0.0321817,86.940506,53.73642,5600.0001668741,,,2581.4030769231
8.610019,23.918631,-0.0328771,87.494888,54.191956,5599.7985829948,,,2581.3101538462
8.640018,24.001968,-0.0340812,88.049271,54.647461,3210.0216939273,,,1479.707076923
8.670018,24.04974,-0.034806,88.600571,55.114471,3209.820110048,,,1479.6141538461
8.700018,24.097509,-0.0360201,89.151886,55.581451,-12083.004919696,,,-5569.8402051282
8.730018,23.917688,-0.0370911,89.692078,56.053925,-12082.870530443,,,-5569.7782564102
8.760017,23.737869,-0.0382053,90.232254,56.526398,-13670.9483315458,,,-6301.8262564103
8.790017,23.534416,-0.039552,90.75589,56.999847,-13670.9483315458,,,-6301.8262564103
8.820017,23.330963,-0.0405452,91.279526,57.473328,-13824.4880529438,,,-6372.6026666667
8.850017,23.125225,-0.0418604,91.785965,57.947144,-13824.3536636911,,,-6372.5407179488
8.880016,22.919489,-0.0427384,92.292389,58.42099,-12946.5902586048,,,-5967.9226666666
8.910016,22.726816,-0.0439869,92.781784,58.895172,-12946.455869352,,,-5967.8607179487
8.940016,22.534145,-0.0447942,93.271194,59.369354,-12667.2621965255,,,-5839.1622564103
8.970016,22.345629,-0.0459766,93.743866,59.843994,-12667.3293911517,,,-5839.1932307692
9.000015,22.157112,-0.0466956,94.216537,60.318634,-11188.5772472548,,,-5157.5405128206
9.030015,21.990602,-0.0478026,94.673019,60.794037,-11188.5100526281,,,-5157.5095384615
9.060015,21.824093,-0.0485001,95.129486,61.26944,-10004.9439026483,,,-4611.9271794872
9.090014,21.675198,-0.0495274,95.570526,61.746216,-10004.8767080221,,,-4611.8962051283
9.120014,21.526304,-0.0501742,96.011566,62.222992,-8918.4739878632,,,-4111.1027692307
9.150014,21.393578,-0.0511404,96.43779,62.70163,-8918.5411824899,,,-4111.1337435898
9.180014,21.260851,-0.0517552,96.864014,63.180267,-8918.4067932367,,,-4111.0717948717
9.210013,21.128126,-0.0522999,97.290222,63.658905,-7900.2738135336,,,-3641.7483076923
9.240013,21.010553,-0.0533068,97.696091,64.140717,-7900.2066189073,,,-3641.7173333334
9.270013,20.892981,-0.0538841,98.101959,64.622528,-7014.6486371547,,,-3233.5062564102
9.300013,20.788588,-0.0547217,98.493698,65.106964,-7014.648637155,,,-3233.5062564103
9.330012,20.684195,-0.0552641,98.885437,65.591431,-5434.2982180917,,,-2505.0203076923
9.360012,20.603321,-0.0560119,99.263931,66.079193,-5434.2310234654,,,-2504.9893333334
9.390012,20.522448,-0.0565266,99.642426,66.566925,-5434.2982180919,,,-2505.0203076924
9.420012,20.441574,-0.056972,100.02092,67.054657,-4699.1218102952,,,-2166.1298461538
9.450011,20.371641,-0.0576922,100.381302,67.547791,-4698.9874210424,,,-2166.0678974359
9.480011,20.30171,-0.0581334,100.741684,68.040924,-4183.5374416795,,,-1928.4635897436
9.510011,20.23945,-0.0587164,101.089447,68.538055,-4183.3358578005,,,-1928.3706666668
9.54001,20.177193,-0.059107,101.43721,69.035187,-2920.614437883,,,-1346.3005128204
9.57001,20.133728,-0.0596099,101.772766,69.536774,-2920.6144378832,,,-1346.3005128206
9.60001,20.090263,-0.0599664,102.108322,70.038361,-2920.5472432567,,,-1346.2695384616
9.63001,20.046799,-0.0602714,102.443878,70.539917,-2591.0919898589,,,-1194.4022564103
9.660009,20.008238,-0.0607184,102.762878,71.048096,-2591.0919898586,,,-1194.4022564102
9.690009,19.969677,-0.0609995,103.081879,71.556274,-1432.1190731532,,,-660.1565128205
9.720009,19.948364,-0.06133,103.388824,72.069672,-1432.1862677797,,,-660.1874871795
9.750009,19.92705,-0.0615819,103.69577,72.583069,-1432.1190731534,,,-660.1565128206
9.780008,19.905737,-0.0617902,104.002701,73.096497,184.0460817984,,,84.8387692308
9.810008,19.908476,-0.0620071,104.293762,73.618042,183.9116925454,,,84.7768205128
9.840008,19.911213,-0.0621886,104.584808,74.139587,20.4943610619,,,9.4471794872
9.870008,19.911518,-0.0623201,104.864456,74.667419,20.3599718089,,,9.3852307692
9.900007,19.911821,-0.0624217,105.144104,75.195221,20.5615556884,,,9.4781538462
9.930007,19.912127,-0.0624945,105.423737,75.723022,1405.9131688446,,,648.0765128205
9.960007,19.93305,-0.0625039,105.687805,76.259705,1406.1147527238,,,648.1694358974
9.990006,19.953976,-0.0625529,105.951874,76.796387,1946.4267438665,,,897.2342564102
10.020006,19.982943,-0.0624877,106.204834,77.340179,1946.3595492402,,,897.2032820513
10.050006,20.011909,-0.0624758,106.457794,77.883972,1946.5611331195,,,897.2962051282
10.080006,20.040878,-0.0624503,106.710739,78.427734,2372.5750647008,,,1093.6736410257
10.110005,20.076187,-0.062252,106.948486,78.981384,2372.5750647006,,,1093.6736410256
10.140005,20.111496,-0.0621619,107.186234,79.535034,3739.3137663354,,,1723.6921025642
10.170005,20.167145,-0.061903,107.412903,80.096558,3739.3137663351,,,1723.6921025641
10.200005,20.222794,-0.0617852,107.639572,80.658081,3739.1121824559,,,1723.5991794872
10.230004,20.27844,-0.0616555,107.866257,81.219604,4319.8081440846,,,1991.2795897436
10.260004,20.342728,-0.0612381,108.07814,81.792419,4319.7409494581,,,1991.2486153846
10.290004,20.407015,-0.0610369,108.290024,82.365234,4962.9951082952,,,2287.7661538462
10.320004,20.480875,-0.0605997,108.490723,82.946838,4962.8607190422,,,2287.7042051281
10.350003,20.554733,-0.0603588,108.691422,83.528442,4962.9951082952,,,2287.7661538462
10.380003,20.628593,-0.0601191,108.89212,84.110046,5520.9120915633,,,2544.9462564103
10.410003,20.710756,-0.0595391,109.078033,84.703522,5520.9120915633,,,2544.9462564103
10.440002,20.792919,-0.0592453,109.263962,85.296997,5578.8338595478,,,2571.6461538461
10.470002,20.875944,-0.0586822,109.438309,85.899597,5578.8338595478,,,2571.6461538461
10.500002,20.958969,-0.0583346,109.612656,86.502197,5578.6994702951,,,2571.5842051282
10.530002,21.041992,-0.0580094,109.786987,87.104797,5596.3044624203,,,2579.6994871795
10.560001,21.125277,-0.0573546,109.946228,87.718811,5596.2372677938,,,2579.6685128205
10.590001,21.208561,-0.0569438,110.105484,88.332825,5596.2372677938,,,2579.6685128205
10.620001,21.291845,-0.0565696,110.264725,88.946838,5599.8657776213,,,2581.3411282052
10.650001,21.375183,-0.0558547,110.407501,89.572723,5599.7313883683,,,2581.2791794872
10.68,21.458519,-0.0550761,110.550278,90.198608,5600.0001668741,,,2581.4030769231
10.71,21.541859,-0.0541687,110.681427,90.83252,5599.7985829948,,,2581.3101538462
10.74,21.625196,-0.0531239,110.812592,91.466431,5599.8657776213,,,2581.3411282052
10.77,21.708534,-0.0522673,110.943741,92.100342,5600.0001668741,,,2581.4030769231
10.799999,21.791874,-0.0512449,111.060104,92.744385,5600.0001668741,,,2581.4030769231
10.829999,21.875214,-0.0500304,111.176468,93.388397,5599.7985829948,,,2581.3101538462
10.859999,21.958551,-0.0490565,111.292816,94.03244,5600.0001668741,,,2581.4030769231
10.889998,22.041891,-0.0479387,111.393982,94.686737,5600.0001668741,,,2581.4030769231
10.919998,22.125231,-0.0466649,111.495163,95.341003,5599.9329722478,,,2581.3721025642
10.949998,22.20857,-0.0454294,111.585983,96.002228,5600.0001668741,,,2581.4030769231
10.979998,22.29191,-0.0442001,111.676788,96.663452,5600.0001668741,,,2581.4030769231
11.009997,22.37525,-0.0432168,111.767609,97.324677,5600.0001668741,,,2581.4030769231
11.039997,22.45859,-0.0421583,111.8452,97.994751,5599.9329722476,,,2581.3721025641
11.069997,22.541929,-0.0410093,111.922791,98.664795,5599.8657776213,,,2581.3411282052
11.099997,22.625267,-0.0400971,112.000397,99.334839,5600.0001668741,,,2581.4030769231
11.129996,22.708607,-0.0391011,112.064514,100.013916,5599.9329722476,,,2581.3721025641
11.159996,22.791946,-0.0380166,112.128632,100.693024,5600.0001668741,,,2581.4030769231
11.189996,22.875286,-0.0369707,112.183411,101.378387,5600.0001668741,,,2581.4030769231
11.219995,22.958626,-0.0359524,112.238205,102.063721,5599.9329722478,,,2581.3721025642
11.249995,23.041965,-0.0351421,112.292984,102.749084,5600.0001668741,,,2581.4030769231
11.279995,23.125305,-0.0342762,112.33606,103.442352,5600.0001668741,,,2581.4030769231
11.309995,23.208645,-0.033352,112.379135,104.13562,5599.8657776211,,,2581.3411282051
11.339994,23.291983,-0.0326199,112.422226,104.828888,5599.9329722478,,,2581.3721025642
11.369994,23.375322,-0.0318111,112.453354,105.530304,5600.0001668741,,,2581.4030769231
11.399994,23.458662,-0.0309478,112.484497,106.23172,5600.0001668741,,,2581.4030769231
11.429994,23.542002,-0.0302594,112.515625,106.933167,5599.9329722476,,,2581.3721025641
11.459993,23.625341,-0.0295088,112.535187,107.642609,5599.8657776213,,,2581.3411282052
11.489993,23.708679,-0.028698,112.554764,108.35202,5600.0001668741,,,2581.4030769231
11.519993,23.792019,-0.0279112,112.566376,109.067047,5599.8657776213,,,2581.3411282052
11.549993,23.875357,-0.0271641,112.577988,109.782074,5599.9329722476,,,2581.3721025641
11.579992,23.958696,-0.0265764,112.5896,110.497131,5600.0001668741,,,2581.4030769231
11.609992,24.042036,-0.0259379,112.591187,111.21933,5599.8657776213,,,2581.3411282052
11.639992,24.125374,-0.0252647,112.592758,111.941528,5599.8657776211,,,2581.3411282051
11.669991,24.208712,-0.0247386,112.594345,112.663696,5599.9329722478,,,2581.3721025642
11.699991,24.292051,-0.0241463,112.585709,113.393341,5600.0001668741,,,2581.4030769231
11.729991,24.375391,-0.0235083,112.577072,114.122955,5600.0001668741,,,2581.4030769231
11.759991,24.458731,-0.0230105,112.568436,114.8526,5599.9329722476,,,2581.3721025641
11.78999,24.54207,-0.0224548,112.549896,115.5896,5600.0001668741,,,2581.4030769231
11.81999,24.62541,-0.0218727,112.531357,116.326599,5600.0001668741,,,2581.4030769231
11.84999,24.70875,-0.0213008,112.505829,117.068909,5599.9329722478,,,2581.3721025642
11.87999,24.792089,-0.02075,112.480301,117.811218,5600.0001668741,,,2581.4030769231
11.909989,24.875429,-0.0203165,112.454773,118.553528,5600.0001668741,,,2581.4030769231
11.939989,24.958769,-0.0198407,112.420654,119.302521,5600.0001668741,,,2581.4030769231
11.969989,25.042109,-0.0193518,112.386536,120.051514,5599.7985829948,,,2581.3101538462
11.999989,25.125446,-0.0189637,112.352432,120.800507,5600.0001668741,,,2581.4030769231
12.029988,25.208786,-0.0185283,112.309525,121.556488,5599.8657776213,,,2581.3411282052
12.059988,25.292124,-0.0180511,112.266617,122.312469,5599.8657776211,,,2581.3411282051
12.089988,25.375462,-0.0176839,112.223724,123.068451,5599.9329722478,,,2581.3721025642
12.119987,25.458801,-0.0172597,112.172272,123.831451,5600.0001668741,,,2581.4030769231
12.149987,25.542141,-0.0168333,112.120819,124.594452,5600.0001668741,,,2581.4030769231
12.179987,25.625481,-0.0165015,112.069366,125.357452,5599.9329722476,,,2581.3721025641
12.209987,25.70882,-0.0161196,112.009644,126.127411,5600.0001668741,,,2581.4030769231
12.239986,25.79216,-0.0157064,111.949921,126.897369,5599.8657776213,,,2581.3411282052
12.269986,25.875498,-0.0153831,111.890198,127.667297,5600.0001668741,,,2581.4030769231
12.299986,25.958838,-0.015022,111.822525,128.444153,5599.9329722476,,,2581.3721025641
12.329986,26.042177,-0.0146419,111.754852,129.221008,5600.0001668741,,,2581.4030769231
12.359985,26.125517,-0.0142628,111.68158,130.002899,5599.8657776213,,,2581.3411282052
12.389985,26.208855,-0.0139163,111.608307,130.78479,5599.9329722476,,,2581.3721025641
12.419985,26.292194,-0.0136423,111.535049,131.56665,5600.0001668741,,,2581.4030769231
12.449985,26.375534,-0.0133331,111.454834,132.354919,5599.8657776213,,,2581.3411282052
12.479984,26.458872,-0.0130064,111.374619,133.143158,5599.8657776213,,,2581.3411282052
12.509984,26.54221,-0.0127476,111.294388,133.931427,5599.9329722476,,,2581.3721025641
12.539984,26.625549,-0.0124535,111.207077,134.72641,5600.0001668741,,,2581.4030769231
12.569983,26.708889,-0.0121463,111.119781,135.521362,5599.8657776213,,,2581.3411282052
12.599983,26.792227,-0.0119064,111.032471,136.316315,5599.9329722476,,,2581.3721025641
12.629983,26.875566,-0.0116293,110.938248,137.118073,5600.0001668741,,,2581.4030769231
12.659983,26.958906,-0.0113469,110.844025,137.9198,5600.0001668741,,,2581.4030769231
12.689982,27.042246,-0.0111265,110.749802,138.721527,5600.0001668741,,,2581.4030769231
12.719982,27.125586,-0.010865,110.64888,139.530029,5599.9329722478,,,2581.3721025642
12.749982,27.208925,-0.0105917,110.547958,140.338531,5600.0001668741,,,2581.4030769231
12.779982,27.292265,-0.0103752,110.447037,141.147064,5600.0001668741,,,2581.4030769231
12.809981,27.375605,-0.0101319,110.339676,141.962311,5599.7985829948,,,2581.3101538462
12.839981,27.458942,-0.00987108,110.232315,142.777557,399.0016917555,,,183.9257435898
12.869981,27.46488,-0.00961781,110.120377,143.597748,398.8673025025,,,183.8637948717
12.899981,27.470816,-0.00937747,110.008438,144.417908,398.934497129,,,183.8947692308
12.92998,27.476753,-0.00919766,109.8965,145.238068,-10759.8083359895,,,-4959.8931282051
12.95998,27.316624,-0.00915146,109.781311,146.048035,-10759.8755306163,,,-4959.9241025642
12.98998,27.156494,-0.00887345,109.666122,146.858002,-10759.8083359895,,,-4959.8931282051
13.019979,26.996365,-0.0086768,109.550919,147.667938,-13247.1518226369,,,-6106.470974359
13.049979,26.799219,-0.00868848,109.433716,148.46051,-13247.0846280104,,,-6106.44
13.079979,26.602074,-0.00838317,109.316513,149.253113,-13247.0174333841,,,-6106.4090256411
13.109979,26.40493,-0.00816986,109.199326,150.045685,-13730.01240818,,,-6329.0527179488
13.139978,26.200598,-0.00817932,109.080872,150.819305,-13730.0796028062,,,-6329.0836923076
13.169978,25.996265,-0.00786951,108.962418,151.592926,-13729.8780189272,,,-6328.9907692309
13.199978,25.791935,-0.00765179,108.843964,152.366547,-13819.6500398405,,,-6370.3725128204
13.229978,25.586269,-0.00764373,108.724854,153.120911,-13819.4484559615,,,-6370.2795897436
13.259977,25.380606,-0.00734924,108.605743,153.875275,-13819.5156505877,,,-6370.3105641025
13.289977,25.174942,-0.00714495,108.486633,154.629639,-13819.381261335,,,-6370.2486153846
13.319977,24.96928,-0.007008,108.367523,155.383972,-13842.4290182013,,,-6380.8728205129
13.349977,24.763275,-0.00708176,108.248215,156.113159,-13842.2946289483,,,-6380.8108717949
13.379976,24.557272,-0.00678379,108.128906,156.842346,-13842.1602396956,,,-6380.7489230769
13.409976,24.351271,-0.00657834,108.009583,157.571533,-13842.4290182013,,,-6380.8728205129
13.439976,24.145266,-0.00655143,107.890686,158.281433,-13842.4962128276,,,-6380.9037948718
13.469975,23.93926,-0.00629033,107.77179,158.991333,-13842.2946289486,,,-6380.810871795
13.499975,23.733257,-0.00610941,107.652908,159.701233,-13842.4290182011,,,-6380.8728205128
13.529975,23.527252,-0.00608736,107.534821,160.391724,-13842.4290182013,,,-6380.8728205129
13.559975,23.321247,-0.00584295,107.416748,161.082214,-13842.2946289483,,,-6380.8108717949
13.589974,23.115244,-0.00567349,107.29866,161.772705,-13842.2946289483,,,-6380.8108717949
13.619974,22.909241,-0.00555112,107.180588,162.463165,-13842.4290182013,,,-6380.8728205129
13.649974,22.703236,-0.0055926,107.064011,163.129089,-13842.4290182013,,,-6380.8728205129
13.679974,22.497231,-0.00536824,106.947418,163.794983,-13842.4962128276,,,-6380.9037948718
13.709973,22.291225,-0.00521162,106.830841,164.460907,-13842.4290182013,,,-6380.8728205129
13.739973,22.08522,-0.00518871,106.715881,165.106781,-13842.4290182013,,,-6380.8728205129
13.769973,21.879215,-0.00497333,106.600906,165.752655,-13842.4290182011,,,-6380.8728205128
13.799973,21.67321,-0.00482513,106.485947,166.398499,-13842.4290182013,,,-6380.8728205129
13.829972,21.467205,-0.00472211,106.370972,167.044342,-13842.4290182013,,,-6380.8728205129
13.859972,21.2612,-0.00475309,106.258347,167.665863,-13842.4290182011,,,-6380.8728205128
13.889972,21.055195,-0.0045514,106.145721,168.287384,-13842.4290182013,,,-6380.8728205129
13.919971,20.84919,-0.00441462,106.033112,168.908875,-13842.2946289483,,,-6380.8108717949
13.949971,20.643187,-0.00431637,105.920502,169.530365,-13842.4962128278,,,-6380.9037948719
13.979971,20.437181,-0.00434629,105.810715,170.126648,-13842.4290182011,,,-6380.8728205128
14.009971,20.231176,-0.00416296,105.700912,170.722931,-13842.2946289486,,,-6380.810871795
14.03997,20.025173,-0.00403236,105.591125,171.319214,-13842.2946289483,,,-6380.8108717949
14.06997,19.81917,-0.00393793,105.481323,171.915497,-13842.5634074541,,,-6380.9347692308
14.09997,19.613163,-0.00395507,105.374756,172.486359,-13842.4290182013,,,-6380.8728205129
14.12997,19.407158,-0.00378299,105.268173,173.05722,-13842.4290182011,,,-6380.8728205128
14.159969,19.201153,-0.00365944,105.161606,173.628082,-13842.4290182013,,,-6380.8728205129
14.189969,18.995148,-0.00357054,105.055023,174.198914,-13842.2946289483,,,-6380.8108717949
14.219969,18.789145,-0.00351055,104.948456,174.769745,-13842.4962128278,,,-6380.9037948719
14.249969,18.583139,-0.0035645,104.846176,175.309723,-13842.4290182011,,,-6380.8728205128
14.279968,18.377134,-0.0033971,104.743896,175.849701,-13842.4290182013,,,-6380.8728205129
14.309968,18.171129,-0.00327911,104.641617,176.389679,-13842.2946289483,,,-6380.8108717949
14.339968,17.965126,-0.00319065,104.539337,176.929657,-13842.4290182013,,,-6380.8728205129
14.369967,17.759121,-0.00319449,104.44104,177.443451,-13842.4290182013,,,-6380.8728205129
14.399967,17.553116,-0.00304229,104.342743,177.957214,-13842.4290182011,,,-6380.8728205128
14.429967,17.347111,-0.00293224,104.244446,178.470978,-13842.4290182013,,,-6380.8728205129
14.459967,17.141106,-0.00285491,104.146149,178.984772,-13842.3618235748,,,-6380.8418461539
14.489966,16.935102,-0.00280159,104.047867,179.498535,-13842.5634074541,,,-6380.9347692308
14.519966,16.729095,-0.00283447,103.954575,179.981354,-13842.5634074541,,,-6380.9347692308
14.549966,16.523088,-0.00270018,103.861282,180.464172,-13842.4290182013,,,-6380.8728205129
14.579966,16.317083,-0.002599,103.76799,180.946991,-13842.4290182013,,,-6380.8728205129
14.609965,16.111078,-0.00252263,103.674698,181.42981,-13842.3618235747,,,-6380.8418461538
14.639965,15.905074,-0.00247351,103.581406,181.912628,-13842.2274343221,,,-6380.779897436
14.669965,15.699072,-0.00243669,103.488098,182.395477,-13842.4962128276,,,-6380.9037948718
14.699965,15.493066,-0.00248269,103.401215,182.840698,-13842.4290182013,,,-6380.8728205129
14.729964,15.287061,-0.0023478,103.314331,183.285919,-13842.4290182012,,,-6380.8728205128
14.759964,15.081056,-0.0022445,103.227448,183.73114,-13842.4290182013,,,-6380.8728205129
14.789964,14.875051,-0.00216941,103.140564,184.176361,-13842.2946289483,,,-6380.8108717949
14.819963,14.669048,-0.00211327,103.05368,184.621613,-13842.4962128277,,,-6380.9037948718
14.849963,14.463042,-0.00212064,102.972626,185.034332,-13842.4962128277,,,-6380.9037948718
14.879963,14.257036,-0.00200728,102.891571,185.447052,-13842.4962128276,,,-6380.9037948718
14.909963,14.05103,-0.00192206,102.810516,185.859772,-13842.4290182013,,,-6380.8728205129
14.939962,13.845025,-0.00185681,102.729462,186.272491,-13842.3618235748,,,-6380.8418461539
14.969962,13.639021,-0.00180431,102.648407,186.685211,-13842.2946289483,,,-6380.8108717949
14.999962,13.433018,-0.00177414,102.567352,187.097931,-13842.5634074542,,,-6380.9347692308
15.029962,13.227011,-0.0017997,102.493393,187.472351,-13842.4962128276,,,-6380.9037948718
15.059961,13.021005,-0.00169887,102.419434,187.846771,-13842.4962128277,,,-6380.9037948718
15.089961,12.814999,-0.0016114,102.345459,188.221191,-13842.4290182013,,,-6380.8728205129
15.119961,12.608994,-0.00154423,102.2715,188.595642,-13842.4962128276,,,-6380.9037948718
15.149961,12.402988,-0.00149698,102.197525,188.970062,-13842.3618235748,,,-6380.8418461539
15.17996,12.196984,-0.00145632,102.123566,189.344513,-13842.2946289485,,,-6380.8108717949
15.20996,11.990981,-0.00142918,102.049591,189.718933,-13842.4962128277,,,-6380.9037948718
15.23996,11.784975,-0.00145702,101.984207,190.048279,-13842.4962128276,,,-6380.9037948718
15.269959,11.578969,-0.0013657,101.918839,190.377625,-13842.4290182013,,,-6380.8728205129
15.299959,11.372964,-0.00129491,101.853455,190.70697,-13842.4290182012,,,-6380.8728205128
15.329959,11.166959,-0.00123832,101.788086,191.036316,-13842.4290182013,,,-6380.8728205129
15.359959,10.960954,-0.00119102,101.722702,191.365662,-13842.3618235748,,,-6380.8418461539
15.389958,10.75495,-0.0011579,101.657333,191.695007,-13842.3618235747,,,-6380.8418461538
15.419958,10.548946,-0.00112864,101.591949,192.024353,-13842.2274343221,,,-6380.779897436
15.449958,10.342944,-0.00110617,101.526581,192.353699,-13842.4962128276,,,-6380.9037948718
15.479958,10.136938,-0.00113414,101.471497,192.630188,-13842.4962128277,,,-6380.9037948718
15.509957,9.930932,-0.00105485,101.416412,192.906677,-13842.4962128277,,,-6380.9037948718
15.539957,9.724926,-0.00099026,101.361328,193.183167,-13842.4290182012,,,-6380.8728205128
15.569957,9.518921,-0.000932715,101.306244,193.459656,-13842.4290182013,,,-6380.8728205129
15.599957,9.312916,-0.000889461,101.251144,193.736145,-13842.3618235748,,,-6380.8418461539
15.629956,9.106912,-0.000856029,101.19606,194.012604,-13842.3618235748,,,-6380.8418461539
15.659956,8.900908,-0.000827238,101.140961,194.289093,-13842.3618235748,,,-6380.8418461539
15.689956,8.694904,-0.000805503,101.085876,194.565552,-13842.227434322,,,-6380.7798974359
15.719955,8.488902,-0.000786575,101.030777,194.84201,-13842.4962128277,,,-6380.9037948718
15.749955,8.282896,-0.000807642,100.98819,195.055237,-13842.4962128276,,,-6380.9037948718
15.779955,8.07689,-0.000750077,100.945602,195.268463,-13842.4962128277,,,-6380.9037948718
15.809955,7.870884,-0.00069228,100.903015,195.481689,-13842.4962128277,,,-6380.9037948718
15.839954,7.664878,-0.000641822,100.860428,195.694916,-13842.4290182013,,,-6380.8728205128
15.869954,7.458873,-0.00060625,100.817841,195.908142,-13842.4290182012,,,-6380.8728205128
15.899954,7.252868,-0.000570888,100.775253,196.121368,-13842.4290182013,,,-6380.8728205128
15.929954,7.046863,-0.000542864,100.732666,196.334595,-13842.4290182013,,,-6380.8728205128
15.959953,6.840858,-0.000514841,100.690079,196.547821,-13842.3618235748,,,-6380.8418461539
15.989953,6.634854,-0.000497089,100.647491,196.761047,-13842.3618235748,,,-6380.8418461539
16.019953,6.42885,-0.000484159,100.604919,196.974274,-13842.2946289484,,,-6380.8108717949
16.049953,6.222847,-0.00047102,100.562332,197.1875,-13842.5634074541,,,-6380.9347692308
16.079954,6.01684,-0.000460815,100.51976,197.400726,-13842.5634074542,,,-6380.9347692308
16.109955,5.810833,-0.000491997,100.501968,197.489716,-13842.5634074541,,,-6380.9347692308
16.139956,5.604826,-0.000444046,100.484177,197.578705,-13842.5634074542,,,-6380.9347692308
16.169956,5.398819,-0.000400824,100.466385,197.667694,-13842.6306020805,,,-6380.9657435897
16.199957,5.192811,-0.000369178,100.448593,197.756683,-13842.5634074541,,,-6380.9347692308
16.229958,4.986804,-0.000337306,100.430801,197.845673,-13842.6306020806,,,-6380.9657435898
16.259958,4.780796,-0.000313811,100.41301,197.934662,-13842.6306020805,,,-6380.9657435897
16.289959,4.574788,-0.000290091,100.395218,198.023651,-13842.6306020805,,,-6380.9657435897
16.31996,4.36878,-0.000263201,100.377426,198.11264,-13842.697796707,,,-6380.9967179487
16.34996,4.162771,-0.000247405,100.359634,198.20163,-13842.6306020806,,,-6380.9657435898
16.379961,3.956763,-0.000228667,100.341843,198.290619,-13842.697796707,,,-6380.9967179487
16.409962,3.750754,-0.000213098,100.324051,198.379608,-13842.7649913334,,,-6381.0276923077
16.439962,3.544744,-0.000205453,100.306259,198.468597,-13842.697796707,,,-6380.9967179487
16.469963,3.338735,-0.000189884,100.288467,198.557587,-13842.7649913334,,,-6381.0276923077
16.499964,3.132725,-0.00018224,100.270676,198.646576,-13842.7649913334,,,-6381.0276923077
16.529964,2.926715,-0.000174822,100.252869,198.735565,-13842.7649913334,,,-6381.0276923077
16.559965,2.720705,-0.000167177,100.235077,198.824585,-13842.8321859599,,,-6381.0586666667
16.589966,2.514694,-0.000156363,100.21727,198.913574,-13842.8993805863,,,-6381.0896410256
16.619967,2.308682,-0.000156869,100.199463,199.002594,-13842.8321859599,,,-6381.0586666667
16.649967,2.102671,-0.000149451,100.181671,199.091614,-13842.8993805863,,,-6381.0896410256
16.679968,1.896659,-0.000149957,100.163864,199.180603,-13842.9665752127,,,-6381.1206153846
16.709969,1.690646,-0.000142312,100.146072,199.269623,-13842.9665752127,,,-6381.1206153846
16.739969,1.484633,-0.000142818,100.128265,199.358612,-13843.0337698392,,,-6381.1515897436
16.76997,1.278619,-0.0001354,100.110474,199.447632,-13843.0337698392,,,-6381.1515897436
16.799971,1.072605,-0.000135906,100.092667,199.536621,-13843.168159092,,,-6381.2135384615
16.829971,0.866589,-0.000136412,100.074875,199.625641,-13843.2353537184,,,-6381.2445128205
16.859972,0.660572,-0.000136917,100.057068,199.714661,-13843.3025483449,,,-6381.2754871795
16.889973,0.454554,-0.00013717,100.039276,199.80365,-13843.4369375977,,,-6381.3374358974
16.919973,0.248534,-0.000129526,100.021469,199.89267,-13843.7057161035,,,-6381.4613333333
16.949974,0.04251,-0.000130032,100.003677,199.981659,-2856.4435696402,,,-1316.72
