-5.2702991828e-05, 0.00181286713683
-5.68342583067e-05, 0.0018126597688
-6.56585983792e-05, 0.00181196287899
-7.48052568516e-05, 0.00181137436473
-8.32001254827e-05, 0.00181070748975
-9.24755312511e-05, 0.00180979114396
-0.000100962145645, 0.00180919867387
-0.000109795079256, 0.00180839158455
-0.000114207967573, 0.00180799874398
-0.000123424782151, 0.00180701260472
-0.000131783207516, 0.0018062990441
-0.000140563704662, 0.00180537351056
-0.00014930686621, 0.00180444433571
-0.00015789741456, 0.00180369262285
-0.000166587737789, 0.00180262980634
-0.000175471742486, 0.00180176789678
-0.000179674986963, 0.00180132570624
-0.000197047506132, 0.00179916137453
-0.000201386707533, 0.00179884905329
-0.000205710884261, 0.00179844323371
-0.000214002090041, 0.00179724814886
-0.000222651610827, 0.00179636257222
-0.000231306194697, 0.00179529982772
-0.000241579447812, 0.00179412497673
-0.000248452758992, 0.0017933123178
-0.00025277809087, 0.00179274901366
-0.000260888932354, 0.00179180456273
-0.00026899047673, 0.0017908059121
-0.000277612870491, 0.00178969212735
-0.000286242291759, 0.00178878481713
-0.000294481462913, 0.0017877746084
-0.000302975480716, 0.00178674697899
-0.000311591549044, 0.00178547916925
-0.000319663576454, 0.00178467630142
-0.000328302983292, 0.00178329866456
-0.000335971887743, 0.00178253883529
-0.000343911265133, 0.00178168828973
-0.000353057793506, 0.00178042558729
-0.000361309923239, 0.00177947707515
-0.000365582477084, 0.00177893497413
-0.000374610099395, 0.00177771917837
-0.000383229784444, 0.00177669201476
-0.000391964711414, 0.00177564140583
-0.000400582656902, 0.00177456217793
-0.000409058216588, 0.0017734398513
-0.0004176646408, 0.00177258540931
-0.000427888914208, 0.00177119088362
-0.000434499766905, 0.00177051635548
-0.000438802781811, 0.00176989098325
-0.000447262536951, 0.00176883276335
-0.000456025038234, 0.00176776537774
-0.000464494144489, 0.0017668045358
-0.000473087832911, 0.00176565184237
-0.000481841682226, 0.0017646407256
-0.000490444477291, 0.0017635630064
-0.000499054492018, 0.00176239752239
-0.000507664659618, 0.00176125759148
-0.000511840797138, 0.00176093387261
-0.000519887782566, 0.00175978868157
-0.000527973854666, 0.00175886636832
-0.00053617623319, 0.00175775816065
-0.000544780917192, 0.00175670763515
-0.000553390933146, 0.00175560155456
-0.000561992666339, 0.00175458325344
-0.000570465792957, 0.00175352823593
-0.000579059940336, 0.00175244723528
-0.000583380747715, 0.00175183847846
-0.000591983734338, 0.00175073396301
-0.00060017990182, 0.00174990602787
-0.000608801755463, 0.0017487174652
-0.00061740188884, 0.00174777167361
-0.00062640601027, 0.00174652006648
-0.000634459928225, 0.00174558040062
-0.000643234825353, 0.00174449263491
-0.000652233160276, 0.00174343578478
-0.000656520128064, 0.00174289206488
-0.00066514294442, 0.00174189023507
-0.000673727403532, 0.00174066289258
-0.000681953823825, 0.00173977425584
-0.000690944730654, 0.00173858978296
-0.000699150457044, 0.00173758654356
-0.000707623014087, 0.00173647417781
-0.000717838428399, 0.00173519083814
-0.000721747830755, 0.00173475016335
-0.000730217340227, 0.00173368428019
-0.000738820487249, 0.00173267072492
-0.000747420283918, 0.0017316168866
-0.000756047049628, 0.00173041133149
-0.000764624943714, 0.0017294233643
-0.000772854118521, 0.001728536335
-0.000777542359612, 0.00172787896313
-0.000786295984476, 0.0017268694017
-0.00079435231463, 0.00172586045387
-0.000802829507486, 0.0017248216118
-0.000811433539573, 0.0017236311543
-0.000820031672041, 0.00172262944784
-0.000828089410738, 0.00172166325227
-0.000836728942798, 0.00172035485069
-0.000851225324369, 0.00171870524888
-0.000862522686548, 0.00171731061212
-0.000865739503367, 0.00171697601638
-0.00087006353338, 0.00171634213351
-0.000874505298779, 0.00171584319704
-0.000891702847305, 0.00171379595226
-0.000895872847328, 0.00171308913915
-0.000901245075302, 0.00171245968687
-0.000909448922005, 0.00171160346579
-0.000917918733702, 0.00171050707329
-0.000926525583451, 0.00170949811467
-0.000930827613187, 0.00170887036247
-0.000939033958578, 0.00170799112188
-0.000947636986698, 0.00170694369881
-0.000956117192002, 0.00170588215403
-0.000966315674369, 0.00170461732211
-0.000974928496961, 0.00170343348307
-0.000983143086908, 0.0017024958942
-0.000987445056357, 0.00170185391125
-0.000995895445158, 0.00170094868674
-0.00100465421508, 0.00169974069149
-0.00101474291853, 0.00169845670608
-0.00101902559455, 0.00169803476646
-0.00103583825139, 0.00169591437211
-0.00103905172544, 0.00169563095317
-0.00104336068676, 0.00169505715252
-0.00106043251269, 0.00169299317171
-0.00106257349199, 0.00169274544592
-0.00107080230172, 0.00169160492192
-0.00107941035078, 0.00169056017195
-0.00108786147401, 0.0016895188656
-0.00109215355954, 0.00168913203688
-0.00110077989777, 0.00168788135435
-0.00110830570592, 0.00168693973865
-0.00111690426839, 0.00168594414141
-0.00112510573384, 0.00168480998096
-0.00113316232472, 0.00168401410155
-0.0011416494386, 0.00168279616395
-0.00115023670184, 0.0016819485477
-0.00115845186216, 0.00168077392756
-0.00116814915579, 0.00167967675521
-0.00117604394314, 0.00167856715088
-0.00118465992055, 0.00167762802223
-0.00118857118716, 0.00167708599422
-0.00119757442008, 0.00167584300679
-0.00120576920152, 0.00167496598859
-0.00121423792595, 0.0016739984619
-0.00122298579914, 0.00167291473821
-0.00123144991231, 0.00167196771629
-0.00124004262508, 0.00167071135201
-0.00125026763833, 0.00166951045632
-0.00125456447969, 0.00166896357803
-0.00126278467094, 0.00166800548808
-0.00127123958717, 0.0016669301398
-0.00127984758463, 0.00166586801342
-0.00128804747611, 0.00166503788699
-0.00625336027853, 0.00190982719787
-0.00625736404514, 0.00190943506905
-0.00626668316381, 0.00190964331539
-0.00627575866033, 0.00190902249147
-0.00628588557216, 0.00190916786551
-0.0062934178056, 0.00190869836422
-0.00630077059194, 0.0019089109982
-0.0063086676111, 0.00190825106106
-0.00631703749985, 0.00190848955274
-0.00632598749631, 0.001908329393
-0.00633381728955, 0.00190821064864
-0.00634253185095, 0.00190813132458
-0.0063498790443, 0.00190750155523
-0.006359335409, 0.00190770907565
-0.00636669717037, 0.00190736645233
-0.00637495020768, 0.00190712676897
-0.00638326075911, 0.00190733692121
-0.00639165613585, 0.00190664837852
-0.00639945030809, 0.00190677960081
-0.00640738642668, 0.00190644715612
-0.00641335337674, 0.00190643030387
-0.00642789328919, 0.00190616027618
-0.00643195299008, 0.00190587602806
-0.00644125389204, 0.00190586612865
-0.00644962544031, 0.0019058747017
-0.0064569716096, 0.00190530416997
-0.00646540087537, 0.00190551877294
-0.00647303613246, 0.00190533139732
-0.00648152766868, 0.00190514195419
-0.00649037312219, 0.00190480214572
-0.00649919094281, 0.00190512698355
-0.00650763116974, 0.00190411552666
-0.00651649737732, 0.00190468009599
-0.00652507588949, 0.00190426255532
-0.00653379656239, 0.00190411325005
-0.00654277644879, 0.00190421019875
-0.0065516496294, 0.00190326829471
-0.00656116378332, 0.00190370517292
-0.00656523591552, 0.00190316305459
-0.00657335257377, 0.00190352379537
-0.00658231597955, 0.00190303815451
-0.00659070834139, 0.00190298155046
-0.00659951697204, 0.00190257370751
-0.00660802955991, 0.00190280517491
-0.00661634472933, 0.00190228914335
-0.00662600154138, 0.00190256525511
-0.00663425084608, 0.00190201529582
-0.00664321196827, 0.00190213981342
-0.00665217804207, 0.00190179715021
-0.00666091979815, 0.00190166889247
-0.00666523895909, 0.00190161874991
-0.00667447325362, 0.00190161102684
-0.00668328686573, 0.00190152155002
-0.00669210948592, 0.00190100284642
-0.00670099881735, 0.00190121885123
-0.00670949244688, 0.00190054739815
-0.00671780570093, 0.0019007520044
-0.00672788112231, 0.00190023882506
-0.00673465134653, 0.00190049869969
-0.00674277171178, 0.0018998883624
-0.00675118662219, 0.00190004772025
-0.00675965152667, 0.0019000877092
-0.00677010709323, 0.00189921216026
-0.00677733315718, 0.00189986707695
-0.00678622865268, 0.00189927826893
-0.00679062187676, 0.0018995108569
-0.00679931401376, 0.00189885168294
-0.00680851158386, 0.0018992984341
-0.00681653245943, 0.00189859859191
-0.00682584957023, 0.0018988264797
-0.00683426347069, 0.00189849674553
-0.00684313613928, 0.00189843379165
-0.00685193403397, 0.00189831294437
-0.00686093293604, 0.00189781488214
-0.00686870614889, 0.00189797385187
-0.00687609116086, 0.00189757699053
-0.00688486957822, 0.00189722014277
-0.00689375767189, 0.00189770992379
-0.00690396949952, 0.00189726619415
-0.00691096351866, 0.00189692826254
-0.00691965803154, 0.00189702810685
-0.00692825096071, 0.00189671039244
-0.00693682242962, 0.00189653145862
-0.00694123091383, 0.00189673910441
-0.00694968117671, 0.00189610802062
-0.00695828755657, 0.00189615186302
-0.00696680297954, 0.00189611092432
-0.0069762488103, 0.00189582739878
-0.00698452074973, 0.00189565516845
-0.00699308686557, 0.00189584706836
-0.00700865784071, 0.00189583805076
-0.0070170486648, 0.00189459959993
-0.00702090968867, 0.00189515826335
-0.00702534772655, 0.00189526314384
-0.00703417224385, 0.00189453802352
-0.007042559125, 0.00189478901844
-0.00705147465637, 0.00189463513304
-0.00705987050176, 0.00189418604325
-0.00706877324016, 0.00189419220954
-0.00707761207391, 0.0018939689139
-0.00708608535803, 0.00189384400983
-0.00709495824027, 0.00189406794535
-0.0071033569076, 0.00189318604823
-0.00711204376518, 0.00189346143987
-0.00712068842192, 0.0018928725598
-0.00712541511141, 0.00189317453568
-0.0071345942974, 0.00189294113755
-0.00714339646813, 0.0018930939925
-0.00715241350574, 0.0018926661703
-0.00716068461853, 0.00189262633748
-0.00716954392843, 0.00189242212168
-0.00717860461936, 0.00189194833288
-0.00718738316834, 0.00189249277016
-0.0071919290212, 0.00189182720382
-0.00720023927869, 0.0018922431937
-0.0072091383755, 0.00189140892426
-0.00721806912667, 0.00189129212528
-0.00722634885249, 0.00189150553326
-0.00723577720143, 0.00189134387177
-0.00724418950475, 0.00189081038463
-0.00725408785956, 0.00189099952038
-0.00725790558239, 0.00189049178049
-0.00727478826672, 0.00189065988717
-0.00727825078192, 0.00189046900139
-0.00728359323408, 0.00189035771792
-0.00729928045113, 0.00189016320142
-0.00730549577772, 0.00188978723474
-0.00731252566395, 0.00188995992595
-0.00732092354267, 0.00188955973986
-0.00732921748111, 0.00188944780516
-0.00733760505468, 0.00188954764459
-0.00734592379196, 0.00188940738619
-0.00735006385789, 0.00188882249974
-0.0073588931719, 0.00188971215652
-0.00736782285551, 0.00188846019331
-0.00737546103439, 0.00188903742768
-0.00738986071004, 0.00188869670469
-0.00739380670795, 0.00188813690257
-0.0074016353846, 0.00188844734817
-0.00741000312019, 0.00188800607622
-0.00742174808852, 0.001888271573
-0.00742495255852, 0.00188778824805
-0.00743966003296, 0.00188764825789
-0.007443033466, 0.00188756446242
-0.00745112512282, 0.0018874026156
-0.00746575660776, 0.00188700378275
-0.00746976818163, 0.00188721590823
-0.00747688547087, 0.00188706070847
-0.00748366219141, 0.00188683602099
-0.00749850033912, 0.00188647569032
-0.00750022350211, 0.00188654630298
-0.00751586804201, 0.00188615213202
-0.00751657964554, 0.00188622458649
-0.00753417690331, 0.00188587254246
-0.00753860606857, 0.00188605932342
-0.00754272156191, 0.00188578366255
-0.0075519061864, 0.00188569564544
-0.00756101089936, 0.00188569233296
-0.00756985011104, 0.0018852173168
-0.00757865948124, 0.00188554598788
-0.00758777091048, 0.00188510062478
-0.00759645686184, 0.00188473974822
-0.00760158298113, 0.00188470733076
-0.00761036842713, 0.00188470796304
-0.00761934009497, 0.00188449938335
-0.00762825808447, 0.00188448837412
-0.00763676405559, 0.00188430534374
-0.00764564651539, 0.00188441704593
-0.00765457984294, 0.00188398609229
-0.00766172032817, 0.0018838603738
-0.00767078235531, 0.00188374359301
-0.00768018780998, 0.00188381282257
-0.00768461380303, 0.00188346071112
-0.00769284197929, 0.0018837275074
-0.00770237451278, 0.00188330645467
-0.00771005983157, 0.00188336321917
-0.00771792205861, 0.0018832348486
-0.00772699095542, 0.00188300697237
-0.0077358086149, 0.00188253969216
-0.00774366056611, 0.00188304466257
-0.0077513790312, 0.00188226297328
-0.00776037168517, 0.00188263934244
-0.00777028733782, 0.00188207205315
-0.00777792037638, 0.00188218518362
-0.00779264724228, 0.00188207767367
-0.00779690053786, 0.00188221173355
-0.00780135205125, 0.00188167053052
-0.00781030265899, 0.00188180457383
-0.00781883032834, 0.0018812406986
-0.00782767045185, 0.00188121039545
-0.00783658414131, 0.00188123731991
-0.00784555609995, 0.00188071922781
-0.00785440534103, 0.00188119569642
-0.0078628305673, 0.00188051948005
-0.0078716222713, 0.00188060450167
-0.00788062532329, 0.00188033472647
-0.0078848819784, 0.00188073588506
-0.00789336085634, 0.00187978126599
-0.00790235952069, 0.00188026699358
-0.0079111956039, 0.00188010420242
-0.00792017404583, 0.00187951344439
-0.00792898945603, 0.00187989765333
-0.00793791281406, 0.00187941800648
-0.00794669082381, 0.00187922656328
-0.00795519231675, 0.00187965164876
-0.00796409206461, 0.00187856981039
-0.00796844442706, 0.00187916780178
-0.00797720227849, 0.00187868421535
-0.00798631786772, 0.00187874415386
-0.00799463997885, 0.00187880763765
-0.0080034797277, 0.00187834628352
-0.00801238025798, 0.00187801892898
-0.00802125916983, 0.00187832269504
-0.00803019168154, 0.00187826165622
-0.00803623472636, 0.00187779452151
-0.00804472479152, 0.00187774819128
-0.00805354195094, 0.00187760914634
-0.00806261712771, 0.00187782549458
-0.00807133155835, 0.0018768418105
-0.00808036606077, 0.00187727919301
-0.00808868165107, 0.00187705597646
-0.00809323432645, 0.00187718072156
-0.00810195091394, 0.00187678524689
-0.00811153793529, 0.00187693820873
-0.00811927810393, 0.00187647193758
-0.00812820652817, 0.00187652825288
-0.00813719059725, 0.00187640343665
-0.00814590088385, 0.00187628160375
-0.00815488703236, 0.00187592289019
-0.00816332209152, 0.00187621184648
-0.00817227046109, 0.00187569898207
-0.00818059141758, 0.00187534895232
-0.00818950058562, 0.00187565176675
-0.00819378937825, 0.00187527501456
-0.00820267693087, 0.00187536162299
-0.00821126699675, 0.00187492103074
-0.00821986725305, 0.00187547722689
-0.0082289206538, 0.00187465629223
-0.00823781328387, 0.00187492696254
-0.00824620883512, 0.00187457581206
-0.00825511495045, 0.00187475011382
-0.00826347182641, 0.00187402650539
-0.00827232014401, 0.00187470945447
-0.00828117324599, 0.00187388086877
-0.00828969787707, 0.00187423011365
-0.00829407831218, 0.00187358498767
-0.00830256315513, 0.00187427360256
-0.00831292632037, 0.00187339811656
-0.00832018668792, 0.00187387087218
-0.0083302293402, 0.00187337127085
-0.0083385900408, 0.00187327084954
-0.00834757186635, 0.00187280673908
-0.00835589442435, 0.00187258974466
-0.00836471045468, 0.0018732935407
-0.00837351183571, 0.0018731199148
-0.00837817971747, 0.00187272333173
-0.0083864010555, 0.00187235853964
-0.00839533094474, 0.00187204375932
-0.00840417691852, 0.0018726268119
-0.00841311831695, 0.00187149199433
-0.00881328156646, 0.00186588742453
-0.00882117395267, 0.00186601336683
-0.00882829612542, 0.00186555445863
-0.00883725343418, 0.00186594325486
-0.00884503949661, 0.00186551078121
-0.00886060604646, 0.00186519734262
-0.00886508750996, 0.00186497390966
-0.00887060123469, 0.0018654245647
-0.00887953155506, 0.00186514726149
-0.00888384802877, 0.001864953572
-0.00889283330199, 0.00186517767338
-0.00890072301281, 0.00186440578587
-0.00890880827554, 0.00186486575789
-0.00892393398499, 0.00186472441463
-0.00892896752402, 0.00186428100409
-0.0089378363587, 0.00186440005512
-0.00894281204201, 0.00186431280103
-0.00895161186054, 0.00186408061072
-0.00896023998156, 0.00186401661234
-0.00896901198971, 0.0018639460185
-0.00897800547093, 0.00186353602423
-0.00898675579328, 0.00186355312616
-0.00899557369084, 0.0018635336554
-0.00900456240758, 0.00186320605511
-0.00901300562339, 0.00186334467069
-0.00901738307616, 0.00186282124968
-0.00902614577896, 0.0018632503232
-0.00903484189775, 0.00186268612895
-0.00904987439801, 0.0018627222337
-0.00905566026475, 0.0018625162898
-0.00906350759464, 0.00186249257294
-0.00906798978227, 0.00186263916943
-0.00907568278339, 0.00186202168998
-0.00908423930422, 0.00186227271024
-0.00909349820045, 0.00186230115335
-0.00910481085281, 0.00186150990648
-0.00911024577309, 0.00186201305809
-0.00912377766966, 0.00186174479585
-0.00912738793247, 0.00186163927021
-0.00913655702389, 0.00186128053054
-0.00914423390308, 0.00186138312658
-0.00915305651868, 0.00186114712606
-0.00916196319992, 0.00186104634249
-0.00916982331092, 0.00186093752717
-0.00917828006734, 0.00186064641733
-0.00918650000468, 0.00186093472711
-0.0091936900767, 0.00186028904422
-0.00920210745948, 0.00186079940753
-0.00921047789144, 0.00186035512005
-0.00921910436118, 0.00186029313762
-0.00922814940631, 0.00186032175953
-0.00924546452015, 0.00186015741559
-0.00924983188272, 0.00185968140729
-0.00925370750228, 0.00185968148468
-0.00926253048786, 0.0018594620861
-0.00927164554061, 0.00185981075964
-0.00927582916174, 0.00185937637505
-0.00928495113262, 0.00185956240582
-0.00929319810893, 0.00185946691518
-0.00930175619821, 0.00185943403866
-0.00931055427396, 0.00185898702826
-0.00931939722324, 0.00185885514069
-0.00932785786329, 0.00185902237607
-0.00933591017657, 0.00185874467391
-0.00934488383555, 0.00185859043871
-0.00935335880291, 0.00185820564526
-0.00936062056043, 0.00185853246839
-0.00936763198086, 0.00185798049844
-0.00937623142837, 0.00185823995756
-0.0093929346005, 0.00185791240489
-0.00939718020472, 0.00185775453726
-0.00940149235478, 0.00185806721192
-0.00941012679452, 0.0018573499515
-0.0094189065538, 0.00185811836873
-0.00942994805158, 0.00185763780185
-0.00943882872036, 0.00185705631697
-0.00944328402604, 0.00185761989892
-0.0094521641467, 0.00185714631819
-0.00946098956922, 0.00185699271637
-0.00947007068235, 0.00185682679989
-0.00947887123634, 0.00185700711184
-0.00948737354672, 0.00185637113649
-0.00949623863227, 0.00185677931396
-0.00950493693076, 0.00185661414086
-0.00950943002695, 0.00185650442799
-0.00951787591573, 0.00185638943914
-0.00952663809946, 0.00185580051562
-0.00953662027712, 0.00185608677149
-0.009545066423, 0.00185574467436
-0.00955381057418, 0.00185614349202
-0.00956282015183, 0.00185557586321
-0.00957126412824, 0.00185546553991
-0.00958012482274, 0.00185555241333
-0.00958436831581, 0.0018553627957
-0.00959360237918, 0.0018555578194
-0.0096023992641, 0.00185525591768
-0.00961112896052, 0.00185537737476
-0.00962006424182, 0.00185495026234
-0.0096284892025, 0.00185490014536
-0.00963799658894, 0.00185486307903
-0.00964571956865, 0.00185464561949
-0.00965451609879, 0.00185477556125
-0.0096633951677, 0.00185406801104
-0.00966750341108, 0.00185433028466
-0.00967852574872, 0.00185435182603
-0.00968566224061, 0.00185373599194
-0.00969410714955, 0.00185442459602
-0.00970299886837, 0.00185378924749
-0.00971179454446, 0.00185351213965
-0.00972019801925, 0.00185411557531
-0.00972900842931, 0.00185310591685
-0.009737873531, 0.00185351177287
-0.0097467949661, 0.00185346418863
-0.00975500959767, 0.00185327205831
-0.00976362149786, 0.00185307545753
-0.00976746914263, 0.00185322464902
-0.00977694041738, 0.00185294416099
-0.0097852631403, 0.00185251604533
-0.00979355076324, 0.00185289361595
-0.00980254450449, 0.00185223991239
-0.00981112044554, 0.00185253755775
-0.00982078055011, 0.00185241963924
-0.00982971079031, 0.00185211768274
-0.0098380010117, 0.00185229497697
-0.00984698931891, 0.00185161666211
-0.00985125396125, 0.00185211632807
-0.00986012004859, 0.00185182488444
-0.00987632433154, 0.00185188987559
-0.00987981596225, 0.00185192163079
-0.00988845799711, 0.00185134263918
-0.00989673983238, 0.00185149779632
-0.0099008207018, 0.00185120858977
-0.00991065650245, 0.00185135575794
-0.00992625173871, 0.0018507998921
-0.0099314108191, 0.00185123648543
-0.00993787467697, 0.00185084889245
-0.0099469659724, 0.00185083371927
-0.00995124815026, 0.00185076757451
-0.00996027853755, 0.00185083344245
-0.00996864238242, 0.00185028506257
-0.00997736733351, 0.00185059118044
-0.00998633065613, 0.00185056091759
-0.00999530619344, 0.00184979156824
-0.010004256022, 0.00185042159927
-0.0100173406953, 0.00185032308632
-0.0100191866844, 0.00185016446919
-0.010028679452, 0.00185021360302
-0.0100379415916, 0.00184935510066
-0.0100473273913, 0.00184984670928
-0.0100519202364, 0.00184963286254
-0.0100610073615, 0.00184900224281
-0.0100691804818, 0.00184926398021
-0.0100773084284, 0.0018496055604
-0.0100862889123, 0.00184932009178
-0.0100952768179, 0.00184857651606
-0.0101040653693, 0.00184901316322
-0.0101125768119, 0.00184889729839
-0.0101212932972, 0.00184813418204
-0.0101296323645, 0.00184877285524
-0.0101385147962, 0.00184792277114
-0.0101470314526, 0.00184836697812
-0.010151539276, 0.00184769558891
-0.0101601677769, 0.00184828351501
-0.0101696648973, 0.00184743789325
-0.0101786406929, 0.00184789261767
-0.0101907853301, 0.0018478278512
-0.0101937076847, 0.00184745773271
-0.0102024402078, 0.00184773450974
-0.0102096625188, 0.00184686340609
-0.0102257818795, 0.00184698031268
-0.0102291267194, 0.00184737803994
-0.0102370531197, 0.0018464930049
-0.0102453087339, 0.0018470038024
-0.0102541835491, 0.00184661564554
-0.0102625448078, 0.00184676846677
-0.0102707853152, 0.00184630124699
-0.0102790952947, 0.00184678490166
-0.0102870416621, 0.00184616826498
-0.0102954482346, 0.00184634336207
-0.0103030830635, 0.00184619234455
-0.010312158006, 0.00184602380795
-0.0103206899226, 0.00184607040631
-0.0103293383791, 0.00184555530272
-0.0103381055387, 0.00184614197261
-0.010347061631, 0.00184558687636
-0.0103513563218, 0.00184597568231
-0.010360184403, 0.00184511358824
-0.0103686156478, 0.0018454445592
-0.0103773619689, 0.00184523131681
-0.0103860406558, 0.00184493814411
-0.0103947464635, 0.00184523591834
-0.0104046930394, 0.0018448933109
-0.0104131731006, 0.00184490972006
-0.0104218281243, 0.00184455802339
-0.0104263806992, 0.00184465668123
-0.010434768654, 0.00184437342471
-0.0104426385191, 0.00184480236779
-0.0104549200327, 0.0018442521814
-0.0104614257949, 0.00184434942074
-0.0104710094382, 0.00184398156263
-0.0104797282824, 0.00184434253396
-0.0104846472405, 0.00184369195248
-0.0105009363837, 0.00184377451287
-0.0105024264513, 0.0018439123991
-0.0105118900163, 0.00184339826286
-0.0105201574478, 0.0018437737775
-0.0105298503648, 0.00184335145129
-0.0105379348211, 0.00184343837052
-0.0105470687881, 0.00184333456184
-0.0105513602738, 0.00184337753228
-0.0105597224884, 0.00184308337039
-0.0105685220677, 0.00184320048748
-0.0105768548649, 0.00184302842084
-0.0105846449301, 0.00184307214762
-0.0105925240518, 0.00184270069175
-0.0106014152631, 0.00184287988586
-0.0106100782729, 0.00184270394828
-0.0106191517388, 0.00184251109564
-0.0106274968499, 0.00184232929103
-0.010636530815, 0.00184250351501
-0.0106458494466, 0.00184224469603
-0.0106545863743, 0.0018421852794
-0.0106631674844, 0.00184188228805
-0.0106719037678, 0.00184231141154
-0.0106762035088, 0.00184190879589
-0.0106853447541, 0.0018420970467
-0.0106942322401, 0.00184152096523
-0.0107024947702, 0.00184156371952
-0.0107103449011, 0.00184144071756
-0.010717859222, 0.00184155366212
-0.0107268710796, 0.00184142537524
-0.0107358888456, 0.00184132590813
-0.0107439997719, 0.00184121103948
-0.0032855404162, 0.00196318548155
-0.00329015266666, 0.00196321605903
-0.00329852554493, 0.00196314469804
-0.00330745302328, 0.00196294526124
-0.00331572367006, 0.00196320187273
-0.00332461626891, 0.00196319286138
-0.00333303763067, 0.00196307471184
-0.00334181327346, 0.00196291107364
-0.00335087026344, 0.00196291916972
-0.00335912145085, 0.00196314798626
-0.00336906078905, 0.00196292599899
-0.00337257533622, 0.00196297379531
-0.00338875307198, 0.00196274521457
-0.00339082879638, 0.00196277244
-0.00339975709607, 0.00196255928619
-0.0034086838786, 0.00196233452524
-0.00341706004492, 0.00196185282342
-0.00342557698227, 0.00196181988258
-0.00343434746535, 0.00196166291198
-0.00344327442917, 0.00196142615769
-0.00345217576276, 0.00196120340481
-0.00346057952267, 0.00196149448314
-0.00346955399975, 0.0019613844621
-0.00347403665029, 0.00196131680844
-0.00348281355397, 0.00196115721858
-0.00349117969903, 0.00196112811469
-0.0034999744287, 0.00196150329673
-0.00350891091315, 0.00196143087016
-0.00351747772139, 0.0019611342436
-0.00352640127933, 0.00196096487086
-0.00353517616806, 0.00196066884382
-0.00354369409128, 0.00196065504285
-0.00355262026673, 0.00196043053982
-0.00356154616857, 0.00196020045854
-0.00356585292276, 0.0019601629862
-0.00358330686425, 0.00195954185183
-0.00358761938117, 0.00195932576988
-0.00359208285506, 0.0019592079385
-0.00360059808308, 0.00195912017792
-0.00360939039492, 0.00195950378802
-0.0036181848305, 0.00195939772556
-0.00362674557325, 0.00195928937537
-0.00363384085286, 0.00195914813761
-0.00364236459833, 0.00195900127037
-0.00365061620304, 0.00195940988617
-0.00365937561016, 0.00195943474841
-0.00366794946354, 0.00195914253285
-0.00367672404781, 0.00195887813571
-0.00368523865818, 0.0019588866101
-0.00369416608813, 0.00195867584798
-0.00370293568799, 0.00195853238675
-0.00371146256056, 0.00195815204854
-0.0037203883224, 0.00195792093774
-0.00372470055017, 0.00195770624835
-0.00373474249848, 0.00195744366344
-0.00374310257345, 0.00195748952493
-0.00375202933517, 0.00195725517918
-0.00376055771921, 0.00195686842547
-0.00376938470265, 0.00195718196367
-0.00377812273378, 0.00195715598225
-0.00378710296217, 0.00195702939496
-0.00379157037059, 0.00195695871207
-0.00380064469307, 0.0019568068919
-0.00380939580648, 0.00195663154985
-0.00381779243271, 0.00195711389253
-0.00382660674886, 0.00195708125938
-0.00383571247219, 0.00195685855683
-0.00384392831014, 0.00195650659994
-0.00385285452093, 0.00195630788639
-0.00386178104784, 0.00195609319615
-0.00387070630838, 0.00195586976632
-0.00387794923937, 0.00195594997317
-0.00388703117712, 0.0019556410132
-0.00389525132479, 0.0019552373345
-0.00390361055292, 0.00195528479187
-0.0039114209939, 0.00195508115965
-0.00391979845645, 0.00195459752231
-0.00392872517245, 0.00195436453491
-0.00393765208105, 0.0019541315279
-0.00394591105732, 0.00195455929838
-0.00395032943722, 0.0019545807553
-0.00395890164954, 0.00195449877931
-0.0039678502979, 0.00195436330307
-0.00397677273051, 0.00195420444852
-0.00398512887445, 0.00195410012403
-0.00399377132526, 0.00195456483923
-0.00400217319098, 0.00195421704799
-0.00401072331831, 0.00195427563076
-0.00401964496352, 0.00195410853463
-0.0040284133055, 0.00195399265727
-0.00403733966538, 0.00195378187414
-0.00404586643421, 0.00195340864505
-0.00405518932134, 0.00195333548289
-0.00405910317202, 0.0019529704355
-0.00406817873286, 0.00195283956543
-0.00407695363166, 0.00195251068308
-0.00408546883738, 0.00195248066451
-0.0040942380691, 0.00195232822958
-0.00410261562682, 0.0019518460665
-0.00411097476511, 0.00195189444646
-0.00411990125716, 0.00195166308475
-0.00412786877221, 0.00195138187243
-0.00413652060429, 0.00195165807992
-0.00414504049161, 0.00195162629979
-0.00415385998716, 0.00195149095456
-0.00416349377669, 0.00195134108651
-0.00417114785221, 0.00195117584916
-0.00417685830437, 0.00195124146656
-0.00418495945729, 0.00195136364135
-0.00419335027506, 0.00195153995749
-0.00420230622833, 0.00195139993217
-0.00421067865173, 0.00195097778527
-0.00422015167301, 0.00195103758495
-0.00422867944257, 0.00195067407919
-0.00423760380515, 0.00195045464818
-0.00424692592177, 0.00195038290197
-0.0042554525634, 0.00195000336617
-0.00426422700094, 0.00194967658975
-0.00426812199994, 0.0019498417625
-0.00427704713077, 0.00194961261354
-0.00428780608997, 0.00194917336755
-0.00429435003452, 0.00194890279562
-0.00430270826605, 0.00194895292116
-0.0043105184776, 0.00194875211867
-0.00432574135616, 0.00194819811392
-0.00432948647176, 0.00194826459341
-0.00433776892143, 0.00194840922928
-0.00434608724501, 0.00194840737986
-0.00435394860486, 0.00194830381492
-0.00436247993209, 0.00194819261451
-0.0043706887173, 0.00194802586046
-0.00437865968446, 0.0019479190771
-0.00438690140412, 0.00194822570473
-0.0043952638859, 0.00194825999757
-0.00440352678964, 0.00194794729387
-0.00441188317943, 0.00194806621512
-0.00442319365417, 0.00194775558537
-0.00442973084879, 0.00194767939731
-0.00443810726261, 0.00194721297026
-0.00444646312286, 0.00194727157629
-0.00445538692413, 0.00194704779207
-0.00446376328808, 0.00194657103034
-0.00447211969567, 0.00194662398268
-0.00448104423559, 0.00194639701604
-0.00448957151847, 0.00194601724036
-0.0044983464245, 0.00194569146384
-0.00450574495561, 0.00194569336462
-0.00451523149183, 0.00194536382826
-0.00451913302319, 0.00194535249206
-0.00453085112846, 0.00194496626034
-0.00453571139955, 0.00194500529707
-0.00454921124703, 0.0019448374432
-0.00455344602476, 0.00194497939884
-0.00456196490414, 0.0019449519107
-0.00457093490208, 0.00194482995582
-0.00457930037011, 0.00194469548282
-0.00458766629187, 0.00194454170146
-0.00459475204946, 0.0019445196441
-0.0046030045025, 0.00194465947208
-0.00461097611942, 0.00194469954833
-0.00461979022081, 0.00194446656315
-0.00462814320982, 0.00194458427969
-0.00463651820455, 0.00194414716024
-0.00464447754961, 0.00194407040399
-0.00465325112296, 0.00194375958046
-0.00466176294337, 0.00194374209082
-0.00466998192375, 0.00194334800238
-0.0046805679148, 0.00194334843594
-0.00468741771079, 0.00194310184991
-0.00469563737881, 0.00194270490358
-0.00470359594885, 0.00194260700235
-0.00471291748658, 0.00194253508338
-0.00472199913562, 0.00194223182659
-0.00473076669475, 0.00194208592377
-0.00473817871466, 0.00194173679831
-0.00474765787896, 0.00194158642391
-0.00475658279338, 0.00194136209135
-0.00476591913653, 0.00194093719728
-0.0047699548376, 0.0019410470759
-0.00477749295916, 0.00194137299912
-0.00479555284597, 0.00194119517987
-0.00480001345493, 0.00194112582139
-0.00480391569506, 0.00194106077787
-0.00481268828792, 0.00194088702507
-0.00482060436709, 0.00194098519676
-0.00482870958104, 0.00194131985037
-0.00483672173361, 0.00194115350708
-0.00484622683636, 0.00194091909606
-0.00485514524068, 0.0019407520178
-0.00486406904625, 0.00194056104342
-0.00487299242811, 0.00194035560886
-0.00488176500325, 0.00194004353661
-0.00489083715742, 0.00193992495806
-0.00489473717052, 0.0019399171604
-0.00490350268314, 0.00193977557988
-0.00491202877556, 0.00193940184336
-0.00492095200472, 0.00193918054472
-0.00492987548346, 0.00193895909021
-0.00493879917384, 0.00193873760657
-0.00494716164726, 0.00193861806829
-0.00495720113033, 0.00193836902349
-0.00496445559712, 0.0019381011595
-0.00497170280096, 0.00193800949823
-0.00498007287599, 0.00193771413169
-0.00498899707834, 0.00193749311399
-0.00499830719798, 0.00193732914992
-0.00500670442243, 0.00193771972381
-0.00501566155338, 0.00193763837633
-0.00502461425299, 0.00193751803789
-0.00502851656705, 0.00193745766893
-0.00503784347229, 0.00193728690815
-0.0050462076067, 0.00193725835544
-0.00505460751456, 0.00193747741313
-0.00506353313266, 0.00193742389816
-0.00507249573492, 0.00193729829686
-0.00508141462075, 0.00193714548401
-0.00508961721914, 0.00193714331768
-0.00509869788181, 0.00193686910606
-0.00510746241011, 0.00193674046516
-0.00511583787024, 0.00193627634121
-0.00512475962332, 0.00193606134325
-0.00512922057888, 0.00193595319711
-0.00513773081862, 0.00193593656506
-0.00514649577589, 0.00193579751727
-0.00515557573436, 0.00193550126804
-0.00516434114293, 0.0019353619414
-0.00517342153555, 0.00193506565588
-0.00518179077226, 0.00193477347762
-0.00519056445836, 0.00193445713232
-0.00519948778001, 0.00193423961656
-0.00520799916621, 0.00193422259372
-0.00521692254989, 0.00193400530636
-0.00522122678698, 0.00193397518753
-0.00522949070235, 0.00193418572448
-0.00523783331147, 0.0019341549811
-0.00524640296969, 0.00193407077709
-0.00525517478339, 0.00193393249739
-0.00526424708382, 0.00193378662483
-0.00527258855022, 0.00193379073589
-0.00528123301172, 0.00193418798401
-0.00529019756153, 0.00193409857635
-0.0052991416555, 0.00193396993857
-0.00530805825427, 0.00193381290395
-0.00531713769618, 0.00193355343113
-0.00532647167994, 0.00193315614072
-0.00533442673389, 0.00193307545025
-0.00533873773936, 0.00193287208838
-0.00534765864716, 0.00193266120185
-0.00535657976937, 0.00193244862156
-0.00536550113578, 0.00193223520572
-0.00537385307222, 0.00193230005601
-0.00538237876268, 0.00193193304206
-0.00539169696066, 0.0019318722006
-0.00540022304278, 0.0019315052315
-0.00540468420608, 0.00193139832832
-0.00541360661131, 0.00193118460525
-0.00542364440827, 0.00193094431167
-0.00543184772302, 0.00193091064127
-0.0054403741849, 0.00193054418112
-0.0054492394071, 0.00193072224998
-0.00545807490899, 0.00193085011306
-0.00546705349477, 0.00193075200645
-0.00547598396207, 0.00193063180043
-0.00548029097952, 0.00193055450043
-0.00550026986247, 0.00193055562219
-0.00550372326781, 0.00193069736479
-0.00550804014235, 0.00193056406176
-0.00551660136934, 0.00193065209161
-0.00552608651089, 0.00193041894962
-0.0055344429909, 0.00193035238279
-0.00554224958278, 0.00193019131941
-0.00555061679005, 0.00192991988069
-0.0055554725917, 0.00192997274272
-0.00557235522618, 0.00192950827256
-0.00557665772754, 0.00192948228737
-0.00558111791088, 0.00192937780949
-0.00558964265567, 0.0019290151403
-0.00559856347727, 0.00192880541312
-0.00560748453293, 0.00192859558633
-0.00561695927387, 0.00192846072747
-0.00562532719297, 0.00192817604514
-0.00563368701427, 0.00192806758304
-0.00564302116441, 0.00192765800461
-0.00565153026595, 0.00192764870688
-0.00565583336996, 0.00192762235475
-0.00566430221033, 0.00192765103476
-0.00567298482723, 0.00192777252148
-0.00568308157401, 0.00192766644882
-0.00569160144609, 0.00192756392456
-0.00569996195822, 0.00192743249239
-0.00570815884583, 0.00192740699985
-0.00571766660952, 0.00192767276262
-0.00572493769026, 0.00192770269957
-0.00573207409009, 0.00192742188736
-0.00574099292556, 0.00192728601697
-0.00574991082904, 0.00192712215943
-0.00575786570103, 0.00192706207858
-0.00576829562744, 0.00192699756365
-0.00577458939284, 0.0019266941836
-0.00578239367696, 0.00192651708461
-0.0057900491414, 0.0019262394436
-0.00579785376021, 0.00192606007166
-0.00580620303821, 0.00192613269242
-0.00581862594364, 0.00192577161414
-0.00582699298743, 0.00192549064669
-0.00583089144699, 0.00192548869884
-0.00583981200003, 0.00192528303458
-0.00584857481532, 0.00192515567291
-0.00585710012203, 0.00192479683974
-0.00586587195401, 0.00192449251825
-0.00587373025531, 0.00192495800335
-0.00588302059634, 0.00192494631247
-0.00589158735983, 0.00192487409434
-0.00590050776494, 0.00192475621293
-0.00591054142834, 0.00192459515958
-0.00591485849266, 0.00192435762674
-0.00592364622943, 0.00192479021674
-0.00593216979222, 0.0019249329729
-0.00594153765842, 0.00192462518131
-0.00595003942003, 0.00192468424461
-0.00595879989367, 0.00192459654801
-0.00596676270904, 0.00192436045105
-0.00597512815095, 0.00192409359546
-0.0059834846244, 0.00192399787676
-0.00599113031642, 0.00192390190294
-0.00599965371537, 0.00192354795922
-0.00600730885014, 0.00192327278348
-0.0060156569356, 0.00192334907064
-0.00603310046954, 0.00192279200632
-0.00603741145983, 0.00192259201856
-0.00604130026263, 0.00192276903844
-0.00605525096397, 0.00192218877574
-0.00605929780727, 0.00192228780988
-0.00606744172071, 0.00192246339796
-0.00607532675615, 0.00192256637299
-0.00608358574057, 0.00192246734562
-0.00609307886534, 0.0019223636163
-0.00610143308239, 0.00192223100288
-0.00611032948673, 0.00192231020603
-0.00611912739008, 0.00192267571114
-0.006123597155, 0.00192264918229
-0.00613217075778, 0.00192239427102
-0.00614094164036, 0.00192216817311
-0.00614985697635, 0.00192201535366
-0.00615781004668, 0.00192196406991
-0.00616657944278, 0.00192167995456
-0.00617604030951, 0.0019217419748
-0.00618456296447, 0.00192139334354
-0.0061934806981, 0.00192119671914
-0.00620225003661, 0.00192089998341
-0.00621116825864, 0.00192070207548
-0.00621967343682, 0.00192070366287
-0.00622397466398, 0.00192068262477
-0.00623289338331, 0.00192048458272
-0.00624197034265, 0.00192020862911
-0.00625069512926, 0.00192021851715
-0.00625911071759, 0.00192045023065
-0.00626808272139, 0.00192037316127
-0.00627686410317, 0.00192026267613
-0.00628537230545, 0.00192015318541
-0.00629372021749, 0.00192003920336
-0.00630140960639, 0.00192042738511
-0.0063096249868, 0.00192054580009
-0.0063181850537, 0.00192028792734
-0.00632695035634, 0.00192005827978
-0.00633545311611, 0.00192010153374
-0.0063443713736, 0.0019199282415
-0.00635313010178, 0.00191982222259
-0.0063571937764, 0.00191957421508
-0.00636666312508, 0.00191945957977
-0.00637502729551, 0.0019191906966
-0.00638379592232, 0.00191889747627
-0.00639271326678, 0.00191870307454
-0.00640121734167, 0.00191870798075
-0.00641013512439, 0.00191851333404
-0.00641905308029, 0.00191831873218
-0.00642792855332, 0.00191837440209
-0.00643675046728, 0.00191856309237
-0.00644107841736, 0.00191851034191
-0.00645003801887, 0.00191842112522
-0.00645839990503, 0.0019183278793
-0.0064673164885, 0.00191819470177
-0.00647612569347, 0.00191845784364
-0.00648446447954, 0.00191871130154
-0.00649342581882, 0.00191861686533
-0.00650233997318, 0.00191849441526
-0.0065112549497, 0.00191834388523
-0.0065201724239, 0.00191817430513
-0.00652854585519, 0.00191774029274
-0.00653760991791, 0.00191765418622
-0.00654191956584, 0.00191746061541
-0.00655083563115, 0.00191727101467
-0.00655933821882, 0.00191727968255
-0.00656825474194, 0.00191708846064
-0.00657605690266, 0.00191692095705
-0.0065844212934, 0.00191665338805
-0.00659334271617, 0.0019164953443
-0.00660212861852, 0.00191690627947
-0.00661090704514, 0.00191686192519
-0.00661986192149, 0.0019167746286
-0.00662821414832, 0.00191666269556
-0.00663823200574, 0.00191665431606
-0.00664278413308, 0.0019169293243
-0.00665148011095, 0.00191708968112
-0.00666060949687, 0.00191693138314
-0.00666897617681, 0.00191673842012
-0.00667788842355, 0.00191659812482
-0.00668680521293, 0.00191643593531
-0.00669611488672, 0.00191641540061
-0.00670114453806, 0.00191604847184
-0.00670964571243, 0.0019160636556
-0.0067185609608, 0.00191587730466
-0.00672731806558, 0.0019157674509
-0.00673583975078, 0.00191542524298
-0.00674475570256, 0.00191523681042
-0.00675351048814, 0.0019150895512
-0.00676189862103, 0.00191552257703
-0.00677083918746, 0.0019154814462
-0.00677516562037, 0.00191542194776
-0.00678368668453, 0.00191535156356
-0.00679259927632, 0.00191523193194
-0.00680129297889, 0.0019153932168
-0.00680973944522, 0.00191566341922
-0.00681870815969, 0.00191558228115
-0.00682803986114, 0.00191527521635
-0.00683598564648, 0.00191525482717
-0.00684363910858, 0.00191501607399
-0.00685198173578, 0.00191512167331
-0.00686050217311, 0.00191478962706
-0.00686941649164, 0.00191460786017
-0.00687833102651, 0.00191442391384
-0.00688724578502, 0.0019142388702
-0.00689601278378, 0.00191395379352
-0.00690005623021, 0.00191406009071
-0.0069089454301, 0.00191400925366
-0.00691759424202, 0.00191428064813
-0.00692655745726, 0.00191422106735
-0.00693508962645, 0.00191415853098
-0.00694384911059, 0.00191403950608
-0.00695271276686, 0.00191413568059
-0.00696113420575, 0.00191447759582
-0.00696994392226, 0.0019144794743
-0.00697886690954, 0.00191437719543
-0.00698777701169, 0.00191424511536
-0.0069922344745, 0.00191416978115
-0.00700114949632, 0.00191400688862
-0.00701006314375, 0.00191383405576
-0.00701858309067, 0.00191350163253
-0.00702677610668, 0.0019134978192
-0.00703641072373, 0.00191313862877
-0.00704532489484, 0.0019129557081
-0.00705422573403, 0.00191283665608
-0.00706301798928, 0.00191325506816
-0.00706859771398, 0.00191323722246
-0.00708369221816, 0.00191309828601
-0.00708814664718, 0.0019130447679
-0.00709260284964, 0.00191298521117
-0.00710127033234, 0.00191345030763
-0.00711030500512, 0.00191343034377
-0.00712191297612, 0.00191312998309
-0.00712802206553, 0.00191331821276
-0.00713653975071, 0.00191302649221
-0.00714434004064, 0.00191289043812
-0.0071525326409, 0.0019128992863
-0.00716105206833, 0.00191257131809
-0.00716828862517, 0.00191251555553
-0.00717664975644, 0.00191225977494
-0.00718484214156, 0.0019122565765
-0.00719336233564, 0.00191192164674
-0.00720146497188, 0.00191229437286
-0.00720923032582, 0.00191232803412
